<?xml version="1.0" encoding="UTF-8"?>
<ns8:ExportConfiguration xmlns="http://digev.com/uri/products/ManagementServer/xsd/1.0" xmlns:ns10="http://soa.com/uri/products/Policy/xsd/1.0" xmlns:ns11="http://soa.com/uri/products/Contracts/xsd/1.0" xmlns:ns12="http://soa.com/uri/products/IdentityAuthorization/xsd/1.0" xmlns:ns13="http://soa.com/uri/products/Organization/xsd/1.0" xmlns:ns14="http://digev.com/uri/products/AlertManager/xsd/1.0" xmlns:ns15="http://digev.com/uri/products/PolicyManager/xsd/1.0" xmlns:ns2="http://digev.com/uri/products/Types/xsd/1.0" xmlns:ns3="http://www.soa.com/uri/products/SLAPolicy/xsd/1.0" xmlns:ns4="urn:uddi-org:api_v3" xmlns:ns5="http://www.w3.org/2000/09/xmldsig#" xmlns:ns6="http://soa.com/uri/products/ServiceProperties/1.0" xmlns:ns7="http://soa.com/uri/products/ServiceEndpointProperties/1.0" xmlns:ns8="http://www.soa.com/uri/products/ServiceManagerMigration/xsd/1.0" xmlns:ns9="urn:uddi-org:sub_v3"><ns8:SourceOrganization><ns2:Key>uddi:soa.com:registryorganization</ns2:Key></ns8:SourceOrganization><ns8:ExportObjectConfiguration><ns2:OrganizationKey><ns2:Key>uddi:7cbc5826-d1c8-11e4-b66d-a700178dcd61</ns2:Key></ns2:OrganizationKey><ns8:ExportOrganization><ns13:Organization><ns13:OrganizationKey><ns2:Key>uddi:7cbc5826-d1c8-11e4-b66d-a700178dcd61</ns2:Key></ns13:OrganizationKey><ns13:ParentKey><ns2:Key>uddi:soa.com:registryorganization</ns2:Key></ns13:ParentKey><ns13:Name>Context.io Lite API Hook</ns13:Name><ns13:Description></ns13:Description><ns13:OrganizationType>Project</ns13:OrganizationType></ns13:Organization><ns4:businessEntity businessKey="uddi:7cbc5826-d1c8-11e4-b66d-a700178dcd61"><ns4:name>Context.io Lite API Hook</ns4:name><ns4:categoryBag><ns4:keyedReferenceGroup tModelKey="uddi:soa.com:organization:group"><ns4:keyedReference keyName="Organization type" keyValue="Project" tModelKey="uddi:soa.com:categorization:organizationtype"/></ns4:keyedReferenceGroup></ns4:categoryBag></ns4:businessEntity></ns8:ExportOrganization></ns8:ExportObjectConfiguration><ns8:ExportObjectConfiguration><ns2:BpelKey><ns2:Key>bpel:3c0c3a6a-d292-11e4-8003-a8d0c27338fa</ns2:Key></ns2:BpelKey><ns8:ExportBpel><ns8:BpelUri>bpels/bpel_3c0c3a6a-d292-11e4-8003-a8d0c27338fa.xml</ns8:BpelUri></ns8:ExportBpel></ns8:ExportObjectConfiguration><ns8:ExportObjectConfiguration><ns2:InterfaceKey><ns2:Key>uddi:5d10da1f-da21-c79a-bbad-b1d078edde39</ns2:Key><ns2:InterfaceQName>{https://api.context.io/lite}context.io_API_Hook_PortType</ns2:InterfaceQName></ns2:InterfaceKey><ns8:ExportInterface><ns4:tModel deleted="false" tModelKey="uddi:5d10da1f-da21-c79a-bbad-b1d078edde39"><ns4:name>context.io_API_Hook_PortType</ns4:name><ns4:categoryBag><ns4:keyedReference keyName="portType namespace" keyValue="https://api.context.io/lite" tModelKey="uddi:uddi.org:xml:namespace"/><ns4:keyedReference keyName="WSDL type" keyValue="portType" tModelKey="uddi:uddi.org:wsdl:types"/></ns4:categoryBag></ns4:tModel><ns8:InterfaceWsdlUri>wsdls/uddi_5d10da1f-da21-c79a-bbad-b1d078edde39.wsdl</ns8:InterfaceWsdlUri></ns8:ExportInterface></ns8:ExportObjectConfiguration><ns8:ExportObjectConfiguration><ns2:InterfaceKey><ns2:Key>uddi:4aea2875-51c6-ae4e-e610-554dba59c2c6</ns2:Key><ns2:InterfaceQName>{http://win7-64-vm:9905/contextio_hook}Context.io_Lite_API_Helloworld_PortType</ns2:InterfaceQName></ns2:InterfaceKey><ns8:ExportInterface><ns4:tModel deleted="false" tModelKey="uddi:4aea2875-51c6-ae4e-e610-554dba59c2c6"><ns4:name>Context.io_Lite_API_Helloworld_PortType</ns4:name><ns4:categoryBag><ns4:keyedReference keyName="portType namespace" keyValue="http://win7-64-vm:9905/contextio_hook" tModelKey="uddi:uddi.org:xml:namespace"/><ns4:keyedReference keyName="WSDL type" keyValue="portType" tModelKey="uddi:uddi.org:wsdl:types"/></ns4:categoryBag></ns4:tModel><ns8:InterfaceWsdlUri>wsdls/uddi_4aea2875-51c6-ae4e-e610-554dba59c2c6.wsdl</ns8:InterfaceWsdlUri></ns8:ExportInterface></ns8:ExportObjectConfiguration><ns8:ExportObjectConfiguration><ns2:BindingKey><ns2:Key>uddi:4a3aedb5-6e8c-edaf-1496-b88149fa98db</ns2:Key><ns2:BindingQName>{https://api.context.io/lite}context.io_API_Hook_Binding</ns2:BindingQName><ns2:BindingType>binding.http</ns2:BindingType></ns2:BindingKey><ns8:ExportBinding><ns4:tModel deleted="false" tModelKey="uddi:4a3aedb5-6e8c-edaf-1496-b88149fa98db"><ns4:name>context.io_API_Hook_Binding</ns4:name><ns4:categoryBag><ns4:keyedReference keyName="binding namespace" keyValue="https://api.context.io/lite" tModelKey="uddi:uddi.org:xml:namespace"/><ns4:keyedReference keyName="WSDL type" keyValue="binding" tModelKey="uddi:uddi.org:wsdl:types"/><ns4:keyedReference keyName="portType Reference" keyValue="uddi:5d10da1f-da21-c79a-bbad-b1d078edde39" tModelKey="uddi:uddi.org:wsdl:porttypereference"/><ns4:keyedReference keyName="uddi-org:types" keyValue="wsdlSpec" tModelKey="uddi:uddi.org:categorization:types"/></ns4:categoryBag></ns4:tModel><ns8:BindingWsdlUri>wsdls/uddi_4a3aedb5-6e8c-edaf-1496-b88149fa98db.wsdl</ns8:BindingWsdlUri></ns8:ExportBinding></ns8:ExportObjectConfiguration><ns8:ExportObjectConfiguration><ns2:BindingKey><ns2:Key>uddi:097e6a6c-b400-94f5-b000-a33d3f4cc14d</ns2:Key><ns2:BindingQName>{http://win7-64-vm:9905/contextio_hook}Context.io_Lite_API_Helloworld_Binding</ns2:BindingQName><ns2:BindingType>binding.http</ns2:BindingType></ns2:BindingKey><ns8:ExportBinding><ns4:tModel deleted="false" tModelKey="uddi:097e6a6c-b400-94f5-b000-a33d3f4cc14d"><ns4:name>Context.io_Lite_API_Helloworld_Binding</ns4:name><ns4:categoryBag><ns4:keyedReference keyName="binding namespace" keyValue="http://win7-64-vm:9905/contextio_hook" tModelKey="uddi:uddi.org:xml:namespace"/><ns4:keyedReference keyName="WSDL type" keyValue="binding" tModelKey="uddi:uddi.org:wsdl:types"/><ns4:keyedReference keyName="portType Reference" keyValue="uddi:4aea2875-51c6-ae4e-e610-554dba59c2c6" tModelKey="uddi:uddi.org:wsdl:porttypereference"/><ns4:keyedReference keyName="uddi-org:types" keyValue="wsdlSpec" tModelKey="uddi:uddi.org:categorization:types"/></ns4:categoryBag></ns4:tModel><ns8:BindingWsdlUri>wsdls/uddi_097e6a6c-b400-94f5-b000-a33d3f4cc14d.wsdl</ns8:BindingWsdlUri></ns8:ExportBinding></ns8:ExportObjectConfiguration><ns8:ExportObjectConfiguration><ns2:ServiceKey><ns2:Key>uddi:bf8bc829-d290-11e4-8003-a8d0c27338fa</ns2:Key><ns2:ServiceQName>{http://win7-64-vm:9905/contextio_hook}Context.io_Lite_API_Helloworld</ns2:ServiceQName></ns2:ServiceKey><ns8:ExportService><VirtualService BusinessKey="uddi:7cbc5826-d1c8-11e4-b66d-a700178dcd61" ServiceKey="uddi:bf8bc829-d290-11e4-8003-a8d0c27338fa" WsdlServiceLocalName="Context.io_Lite_API_Helloworld" WsdlTargetNamespaceUrl="http://win7-64-vm:9905/contextio_hook"><Name>Context.io_Lite_API_Helloworld</Name><Description></Description><Operations><LogicalOperation InterfaceName="{http://win7-64-vm:9905/contextio_hook}Context.io_Lite_API_Helloworld_PortType" ManagementState="Enabled" NextHopOperationKey="uddi:ca34cdd3-d1c8-11e4-b66d-a700178dcd61$$${https://api.context.io/lite}context.io_API_Hook_PortType$$$GET__users" NextHopOperationName="GET /users" NextHopServiceKey="uddi:ca34cdd3-d1c8-11e4-b66d-a700178dcd61" NextHopServiceName="context.io_API_Hook" NumOfVirtualizedOperations="0" OperationKey="bfe0c5fd-d290-11e4-8003-a8d0c27338fa" OperationLastUpdatedAt="2015-03-25T01:57:45.847Z" OperationName="GET /helloworld" PolicyAvailable="true" ServiceKey="uddi:bf8bc829-d290-11e4-8003-a8d0c27338fa" WsdlOperationName="GET__helloworld"><NextHopOperation InterfaceName="{https://api.context.io/lite}context.io_API_Hook_PortType" OperationKey="ca990de7-d1c8-11e4-b66d-a700178dcd61" OperationLastUpdatedAt="2015-03-24T04:01:53.960Z" OperationName="GET /users" ServiceKey="uddi:ca34cdd3-d1c8-11e4-b66d-a700178dcd61" ServiceName="context.io_API_Hook" WsdlOperationName="GET__users"/></LogicalOperation></Operations></VirtualService><ns4:businessService businessKey="uddi:7cbc5826-d1c8-11e4-b66d-a700178dcd61" serviceKey="uddi:bf8bc829-d290-11e4-8003-a8d0c27338fa"><ns4:name>Context.io_Lite_API_Helloworld</ns4:name><ns4:bindingTemplates><ns4:bindingTemplate bindingKey="uddi:c00da260-d290-11e4-8003-a8d0c27338fa" serviceKey="uddi:bf8bc829-d290-11e4-8003-a8d0c27338fa"><ns4:accessPoint useType="endPoint">http://win7-64-vm:80/contextio_hook</ns4:accessPoint><ns4:tModelInstanceDetails><ns4:tModelInstanceInfo tModelKey="uddi:097e6a6c-b400-94f5-b000-a33d3f4cc14d"><ns4:description>The wsdl:binding that this wsdl:port implements. The instanceParms specifies the port local name.</ns4:description><ns4:instanceDetails><ns4:instanceParms>HTTP</ns4:instanceParms></ns4:instanceDetails></ns4:tModelInstanceInfo><ns4:tModelInstanceInfo tModelKey="uddi:4aea2875-51c6-ae4e-e610-554dba59c2c6"><ns4:description>The wsdl:portType that this wsdl:port implements.</ns4:description></ns4:tModelInstanceInfo></ns4:tModelInstanceDetails><ns4:categoryBag><ns4:keyedReference keyName="WSDL type" keyValue="port" tModelKey="uddi:uddi.org:wsdl:types"/><ns4:keyedReferenceGroup tModelKey="uddi:soa.com:serviceendpoint:group"><ns4:keyedReference keyName="containerKey" keyValue="ND-Cluster" tModelKey="uddi:soa.com:serviceendpoint:containername"/><ns4:keyedReference keyName="listenerName" keyValue="default-http0" tModelKey="uddi:soa.com:serviceendpoint:listenername"/></ns4:keyedReferenceGroup></ns4:categoryBag></ns4:bindingTemplate></ns4:bindingTemplates><ns4:categoryBag><ns4:keyedReference keyName="Virtual Service" keyValue="Virtual Service" tModelKey="uddi:digev.com:categorization:services"/><ns4:keyedReference keyName="Design" keyValue="Design" tModelKey="uddi:soa.com:servicelifecyclestage"/><ns4:keyedReference keyName="WSDL type" keyValue="service" tModelKey="uddi:uddi.org:wsdl:types"/><ns4:keyedReference keyName="service namespace" keyValue="http://win7-64-vm:9905/contextio_hook" tModelKey="uddi:uddi.org:xml:namespace"/><ns4:keyedReference keyName="service local name" keyValue="Context.io_Lite_API_Helloworld" tModelKey="uddi:uddi.org:xml:localname"/><ns4:keyedReference keyName="Managed Service" keyValue="Managed Service" tModelKey="uddi:digev.com:categorization:services"/><ns4:keyedReferenceGroup tModelKey="uddi:soa.com:service:group"/></ns4:categoryBag></ns4:businessService><ns8:ExportServiceEndpoint><ns7:ServiceEndpoint><ns7:ServiceKey>uddi:bf8bc829-d290-11e4-8003-a8d0c27338fa</ns7:ServiceKey><ns7:Name>uddi:c00da260-d290-11e4-8003-a8d0c27338fa</ns7:Name><ns7:Url>http://win7-64-vm:80/contextio_hook</ns7:Url><ns7:BindingQName>{http://win7-64-vm:9905/contextio_hook}Context.io_Lite_API_Helloworld_Binding</ns7:BindingQName><ns7:PortName>HTTP</ns7:PortName><ns7:Protocol>http</ns7:Protocol><ns7:ContainerKey>ND-Cluster</ns7:ContainerKey><ns7:ListenerName>default-http0</ns7:ListenerName></ns7:ServiceEndpoint><ns8:EndpointWsdlUri>wsdls/uddi_c00da260-d290-11e4-8003-a8d0c27338fa.wsdl</ns8:EndpointWsdlUri></ns8:ExportServiceEndpoint><ns8:BpelUri>services/uddi_bf8bc829-d290-11e4-8003-a8d0c27338fa/bpel.xml</ns8:BpelUri></ns8:ExportService></ns8:ExportObjectConfiguration><ns8:ExportObjectConfiguration><ns2:ServiceKey><ns2:Key>uddi:ca34cdd3-d1c8-11e4-b66d-a700178dcd61</ns2:Key><ns2:ServiceQName>{https://api.context.io/lite}context.io_API_Hook</ns2:ServiceQName></ns2:ServiceKey><ns8:ExportService><PhysicalService BusinessKey="uddi:7cbc5826-d1c8-11e4-b66d-a700178dcd61" Discovered="false" ServiceKey="uddi:ca34cdd3-d1c8-11e4-b66d-a700178dcd61" WsdlServiceLocalName="context.io_API_Hook" WsdlTargetNamespaceUrl="https://api.context.io/lite"><Name>context.io_API_Hook</Name><Description></Description><Operations><Operation InterfaceName="{https://api.context.io/lite}context.io_API_Hook_PortType" ManagementState="Enabled" NumOfVirtualizedOperations="0" OperationKey="cab7e0c2-d1c8-11e4-b66d-a700178dcd61" OperationLastUpdatedAt="2015-03-24T04:01:53.960Z" OperationName="DELETE /connect_tokens/{token}" PolicyAvailable="true" ServiceKey="uddi:ca34cdd3-d1c8-11e4-b66d-a700178dcd61" WsdlOperationName="DELETE__connect_tokens__token_"/><Operation InterfaceName="{https://api.context.io/lite}context.io_API_Hook_PortType" ManagementState="Enabled" NumOfVirtualizedOperations="0" OperationKey="cabd37fc-d1c8-11e4-b66d-a700178dcd61" OperationLastUpdatedAt="2015-03-24T04:01:53.960Z" OperationName="DELETE /oauth_providers/{key}" PolicyAvailable="true" ServiceKey="uddi:ca34cdd3-d1c8-11e4-b66d-a700178dcd61" WsdlOperationName="DELETE__oauth_providers__key_"/><Operation InterfaceName="{https://api.context.io/lite}context.io_API_Hook_PortType" ManagementState="Enabled" NumOfVirtualizedOperations="0" OperationKey="ca9da1cd-d1c8-11e4-b66d-a700178dcd61" OperationLastUpdatedAt="2015-03-24T04:01:53.960Z" OperationName="DELETE /users/{id}" PolicyAvailable="true" ServiceKey="uddi:ca34cdd3-d1c8-11e4-b66d-a700178dcd61" WsdlOperationName="DELETE__users__id_"/><Operation InterfaceName="{https://api.context.io/lite}context.io_API_Hook_PortType" ManagementState="Enabled" NumOfVirtualizedOperations="0" OperationKey="cab2b097-d1c8-11e4-b66d-a700178dcd61" OperationLastUpdatedAt="2015-03-24T04:01:53.960Z" OperationName="DELETE /users/{id}/connect_tokens/{token}" PolicyAvailable="true" ServiceKey="uddi:ca34cdd3-d1c8-11e4-b66d-a700178dcd61" WsdlOperationName="DELETE__users__id__connect_tokens__token_"/><Operation InterfaceName="{https://api.context.io/lite}context.io_API_Hook_PortType" ManagementState="Enabled" NumOfVirtualizedOperations="0" OperationKey="caa39548-d1c8-11e4-b66d-a700178dcd61" OperationLastUpdatedAt="2015-03-24T04:01:53.960Z" OperationName="DELETE /users/{id}/email_accounts/{label}" PolicyAvailable="true" ServiceKey="uddi:ca34cdd3-d1c8-11e4-b66d-a700178dcd61" WsdlOperationName="DELETE__users__id__email_accounts__label_"/><Operation InterfaceName="{https://api.context.io/lite}context.io_API_Hook_PortType" ManagementState="Enabled" NumOfVirtualizedOperations="0" OperationKey="caac47e9-d1c8-11e4-b66d-a700178dcd61" OperationLastUpdatedAt="2015-03-24T04:01:53.960Z" OperationName="DELETE /users/{id}/email_accounts/{label}/folders/{folder}/messages/{message_id}/read" PolicyAvailable="true" ServiceKey="uddi:ca34cdd3-d1c8-11e4-b66d-a700178dcd61" WsdlOperationName="DELETE__users__id__email_accounts__label__folders__folder__messages__message_id__read"/><Operation InterfaceName="{https://api.context.io/lite}context.io_API_Hook_PortType" ManagementState="Enabled" NumOfVirtualizedOperations="0" OperationKey="cab548ac-d1c8-11e4-b66d-a700178dcd61" OperationLastUpdatedAt="2015-03-24T04:01:53.960Z" OperationName="GET /connect_tokens" PolicyAvailable="true" ServiceKey="uddi:ca34cdd3-d1c8-11e4-b66d-a700178dcd61" WsdlOperationName="GET__connect_tokens"/><Operation InterfaceName="{https://api.context.io/lite}context.io_API_Hook_PortType" ManagementState="Enabled" NumOfVirtualizedOperations="0" OperationKey="cab6f660-d1c8-11e4-b66d-a700178dcd61" OperationLastUpdatedAt="2015-03-24T04:01:53.960Z" OperationName="GET /connect_tokens/{token}" PolicyAvailable="true" ServiceKey="uddi:ca34cdd3-d1c8-11e4-b66d-a700178dcd61" WsdlOperationName="GET__connect_tokens__token_"/><Operation InterfaceName="{https://api.context.io/lite}context.io_API_Hook_PortType" ManagementState="Enabled" NumOfVirtualizedOperations="0" OperationKey="cab8cb24-d1c8-11e4-b66d-a700178dcd61" OperationLastUpdatedAt="2015-03-24T04:01:53.960Z" OperationName="GET /discovery" PolicyAvailable="true" ServiceKey="uddi:ca34cdd3-d1c8-11e4-b66d-a700178dcd61" WsdlOperationName="GET__discovery"/><Operation InterfaceName="{https://api.context.io/lite}context.io_API_Hook_PortType" ManagementState="Enabled" NumOfVirtualizedOperations="0" OperationKey="cab9b586-d1c8-11e4-b66d-a700178dcd61" OperationLastUpdatedAt="2015-03-24T04:01:53.960Z" OperationName="GET /oauth_providers" PolicyAvailable="true" ServiceKey="uddi:ca34cdd3-d1c8-11e4-b66d-a700178dcd61" WsdlOperationName="GET__oauth_providers"/><Operation InterfaceName="{https://api.context.io/lite}context.io_API_Hook_PortType" ManagementState="Enabled" NumOfVirtualizedOperations="0" OperationKey="cabbff7a-d1c8-11e4-b66d-a700178dcd61" OperationLastUpdatedAt="2015-03-24T04:01:53.960Z" OperationName="GET /oauth_providers/{key}" PolicyAvailable="true" ServiceKey="uddi:ca34cdd3-d1c8-11e4-b66d-a700178dcd61" WsdlOperationName="GET__oauth_providers__key_"/><Operation InterfaceName="{https://api.context.io/lite}context.io_API_Hook_PortType" ManagementState="Enabled" NumOfVirtualizedOperations="1" OperationKey="ca990de7-d1c8-11e4-b66d-a700178dcd61" OperationLastUpdatedAt="2015-03-24T04:01:53.960Z" OperationName="GET /users" PolicyAvailable="true" ServiceKey="uddi:ca34cdd3-d1c8-11e4-b66d-a700178dcd61" WsdlOperationName="GET__users"/><Operation InterfaceName="{https://api.context.io/lite}context.io_API_Hook_PortType" ManagementState="Enabled" NumOfVirtualizedOperations="0" OperationKey="ca9cb76b-d1c8-11e4-b66d-a700178dcd61" OperationLastUpdatedAt="2015-03-24T04:01:53.960Z" OperationName="GET /users/{id}" PolicyAvailable="true" ServiceKey="uddi:ca34cdd3-d1c8-11e4-b66d-a700178dcd61" WsdlOperationName="GET__users__id_"/><Operation InterfaceName="{https://api.context.io/lite}context.io_API_Hook_PortType" ManagementState="Enabled" NumOfVirtualizedOperations="0" OperationKey="cab01881-d1c8-11e4-b66d-a700178dcd61" OperationLastUpdatedAt="2015-03-24T04:01:53.960Z" OperationName="GET /users/{id}/connect_tokens" PolicyAvailable="true" ServiceKey="uddi:ca34cdd3-d1c8-11e4-b66d-a700178dcd61" WsdlOperationName="GET__users__id__connect_tokens"/><Operation InterfaceName="{https://api.context.io/lite}context.io_API_Hook_PortType" ManagementState="Enabled" NumOfVirtualizedOperations="0" OperationKey="cab1c635-d1c8-11e4-b66d-a700178dcd61" OperationLastUpdatedAt="2015-03-24T04:01:53.960Z" OperationName="GET /users/{id}/connect_tokens/{token}" PolicyAvailable="true" ServiceKey="uddi:ca34cdd3-d1c8-11e4-b66d-a700178dcd61" WsdlOperationName="GET__users__id__connect_tokens__token_"/><Operation InterfaceName="{https://api.context.io/lite}context.io_API_Hook_PortType" ManagementState="Enabled" NumOfVirtualizedOperations="0" OperationKey="ca9f7690-d1c8-11e4-b66d-a700178dcd61" OperationLastUpdatedAt="2015-03-24T04:01:53.960Z" OperationName="GET /users/{id}/email_accounts" PolicyAvailable="true" ServiceKey="uddi:ca34cdd3-d1c8-11e4-b66d-a700178dcd61" WsdlOperationName="GET__users__id__email_accounts"/><Operation InterfaceName="{https://api.context.io/lite}context.io_API_Hook_PortType" ManagementState="Enabled" NumOfVirtualizedOperations="0" OperationKey="caa1c084-d1c8-11e4-b66d-a700178dcd61" OperationLastUpdatedAt="2015-03-24T04:01:53.960Z" OperationName="GET /users/{id}/email_accounts/{label}" PolicyAvailable="true" ServiceKey="uddi:ca34cdd3-d1c8-11e4-b66d-a700178dcd61" WsdlOperationName="GET__users__id__email_accounts__label_"/><Operation InterfaceName="{https://api.context.io/lite}context.io_API_Hook_PortType" ManagementState="Enabled" NumOfVirtualizedOperations="0" OperationKey="caa45899-d1c8-11e4-b66d-a700178dcd61" OperationLastUpdatedAt="2015-03-24T04:01:53.960Z" OperationName="GET /users/{id}/email_accounts/{label}/folders" PolicyAvailable="true" ServiceKey="uddi:ca34cdd3-d1c8-11e4-b66d-a700178dcd61" WsdlOperationName="GET__users__id__email_accounts__label__folders"/><Operation InterfaceName="{https://api.context.io/lite}context.io_API_Hook_PortType" ManagementState="Enabled" NumOfVirtualizedOperations="0" OperationKey="caa542fb-d1c8-11e4-b66d-a700178dcd61" OperationLastUpdatedAt="2015-03-24T04:01:53.960Z" OperationName="GET /users/{id}/email_accounts/{label}/folders/{folder}" PolicyAvailable="true" ServiceKey="uddi:ca34cdd3-d1c8-11e4-b66d-a700178dcd61" WsdlOperationName="GET__users__id__email_accounts__label__folders__folder_"/><Operation InterfaceName="{https://api.context.io/lite}context.io_API_Hook_PortType" ManagementState="Enabled" NumOfVirtualizedOperations="0" OperationKey="caa6064d-d1c8-11e4-b66d-a700178dcd61" OperationLastUpdatedAt="2015-03-24T04:01:53.960Z" OperationName="GET /users/{id}/email_accounts/{label}/folders/{folder}/messages" PolicyAvailable="true" ServiceKey="uddi:ca34cdd3-d1c8-11e4-b66d-a700178dcd61" WsdlOperationName="GET__users__id__email_accounts__label__folders__folder__messages"/><Operation InterfaceName="{https://api.context.io/lite}context.io_API_Hook_PortType" ManagementState="Enabled" NumOfVirtualizedOperations="0" OperationKey="caa6c99f-d1c8-11e4-b66d-a700178dcd61" OperationLastUpdatedAt="2015-03-24T04:01:53.960Z" OperationName="GET /users/{id}/email_accounts/{label}/folders/{folder}/messages/{message_id}" PolicyAvailable="true" ServiceKey="uddi:ca34cdd3-d1c8-11e4-b66d-a700178dcd61" WsdlOperationName="GET__users__id__email_accounts__label__folders__folder__messages__message_id_"/><Operation InterfaceName="{https://api.context.io/lite}context.io_API_Hook_PortType" ManagementState="Enabled" NumOfVirtualizedOperations="0" OperationKey="caa91393-d1c8-11e4-b66d-a700178dcd61" OperationLastUpdatedAt="2015-03-24T04:01:53.960Z" OperationName="GET /users/{id}/email_accounts/{label}/folders/{folder}/messages/{message_id}/attachments" PolicyAvailable="true" ServiceKey="uddi:ca34cdd3-d1c8-11e4-b66d-a700178dcd61" WsdlOperationName="GET__users__id__email_accounts__label__folders__folder__messages__message_id__attachments"/><Operation InterfaceName="{https://api.context.io/lite}context.io_API_Hook_PortType" ManagementState="Enabled" NumOfVirtualizedOperations="0" OperationKey="caa9fdf5-d1c8-11e4-b66d-a700178dcd61" OperationLastUpdatedAt="2015-03-24T04:01:53.960Z" OperationName="GET /users/{id}/email_accounts/{label}/folders/{folder}/messages/{message_id}/attachments/{attachment_id}" PolicyAvailable="true" ServiceKey="uddi:ca34cdd3-d1c8-11e4-b66d-a700178dcd61" WsdlOperationName="GET__users__id__email_accounts__label__folders__folder__messages__message_id__attachments__attachment_id_"/><Operation InterfaceName="{https://api.context.io/lite}context.io_API_Hook_PortType" ManagementState="Enabled" NumOfVirtualizedOperations="0" OperationKey="caae6acd-d1c8-11e4-b66d-a700178dcd61" OperationLastUpdatedAt="2015-03-24T04:01:53.960Z" OperationName="GET /users/{id}/email_accounts/{label}/folders/{folder}/messages/{message_id}/body" PolicyAvailable="true" ServiceKey="uddi:ca34cdd3-d1c8-11e4-b66d-a700178dcd61" WsdlOperationName="GET__users__id__email_accounts__label__folders__folder__messages__message_id__body"/><Operation InterfaceName="{https://api.context.io/lite}context.io_API_Hook_PortType" ManagementState="Enabled" NumOfVirtualizedOperations="0" OperationKey="caa85041-d1c8-11e4-b66d-a700178dcd61" OperationLastUpdatedAt="2015-03-24T04:01:53.960Z" OperationName="GET /users/{id}/email_accounts/{label}/folders/{folder}/messages/{message_id}/flags" PolicyAvailable="true" ServiceKey="uddi:ca34cdd3-d1c8-11e4-b66d-a700178dcd61" WsdlOperationName="GET__users__id__email_accounts__label__folders__folder__messages__message_id__flags"/><Operation InterfaceName="{https://api.context.io/lite}context.io_API_Hook_PortType" ManagementState="Enabled" NumOfVirtualizedOperations="0" OperationKey="caad806b-d1c8-11e4-b66d-a700178dcd61" OperationLastUpdatedAt="2015-03-24T04:01:53.960Z" OperationName="GET /users/{id}/email_accounts/{label}/folders/{folder}/messages/{message_id}/headers" PolicyAvailable="true" ServiceKey="uddi:ca34cdd3-d1c8-11e4-b66d-a700178dcd61" WsdlOperationName="GET__users__id__email_accounts__label__folders__folder__messages__message_id__headers"/><Operation InterfaceName="{https://api.context.io/lite}context.io_API_Hook_PortType" ManagementState="Enabled" NumOfVirtualizedOperations="0" OperationKey="caaf552f-d1c8-11e4-b66d-a700178dcd61" OperationLastUpdatedAt="2015-03-24T04:01:53.960Z" OperationName="GET /users/{id}/email_accounts/{label}/folders/{folder}/messages/{message_id}/raw" PolicyAvailable="true" ServiceKey="uddi:ca34cdd3-d1c8-11e4-b66d-a700178dcd61" WsdlOperationName="GET__users__id__email_accounts__label__folders__folder__messages__message_id__raw"/><Operation InterfaceName="{https://api.context.io/lite}context.io_API_Hook_PortType" ManagementState="Enabled" NumOfVirtualizedOperations="0" OperationKey="cab39af8-d1c8-11e4-b66d-a700178dcd61" OperationLastUpdatedAt="2015-03-24T04:01:53.960Z" OperationName="GET /users/{id}/webhooks" PolicyAvailable="true" ServiceKey="uddi:ca34cdd3-d1c8-11e4-b66d-a700178dcd61" WsdlOperationName="GET__users__id__webhooks"/><Operation InterfaceName="{https://api.context.io/lite}context.io_API_Hook_PortType" ManagementState="Enabled" NumOfVirtualizedOperations="0" OperationKey="cab6330e-d1c8-11e4-b66d-a700178dcd61" OperationLastUpdatedAt="2015-03-24T04:01:53.960Z" OperationName="POST /connect_tokens" PolicyAvailable="true" ServiceKey="uddi:ca34cdd3-d1c8-11e4-b66d-a700178dcd61" WsdlOperationName="POST__connect_tokens"/><Operation InterfaceName="{https://api.context.io/lite}context.io_API_Hook_PortType" ManagementState="Enabled" NumOfVirtualizedOperations="0" OperationKey="caba9fe8-d1c8-11e4-b66d-a700178dcd61" OperationLastUpdatedAt="2015-03-24T04:01:53.960Z" OperationName="POST /oauth_providers" PolicyAvailable="true" ServiceKey="uddi:ca34cdd3-d1c8-11e4-b66d-a700178dcd61" WsdlOperationName="POST__oauth_providers"/><Operation InterfaceName="{https://api.context.io/lite}context.io_API_Hook_PortType" ManagementState="Enabled" NumOfVirtualizedOperations="0" OperationKey="ca9bcd09-d1c8-11e4-b66d-a700178dcd61" OperationLastUpdatedAt="2015-03-24T04:01:53.960Z" OperationName="POST /users" PolicyAvailable="true" ServiceKey="uddi:ca34cdd3-d1c8-11e4-b66d-a700178dcd61" WsdlOperationName="POST__users"/><Operation InterfaceName="{https://api.context.io/lite}context.io_API_Hook_PortType" ManagementState="Enabled" NumOfVirtualizedOperations="0" OperationKey="ca9e651e-d1c8-11e4-b66d-a700178dcd61" OperationLastUpdatedAt="2015-03-24T04:01:53.960Z" OperationName="POST /users/{id}" PolicyAvailable="true" ServiceKey="uddi:ca34cdd3-d1c8-11e4-b66d-a700178dcd61" WsdlOperationName="POST__users__id_"/><Operation InterfaceName="{https://api.context.io/lite}context.io_API_Hook_PortType" ManagementState="Enabled" NumOfVirtualizedOperations="0" OperationKey="cab102e3-d1c8-11e4-b66d-a700178dcd61" OperationLastUpdatedAt="2015-03-24T04:01:53.960Z" OperationName="POST /users/{id}/connect_tokens" PolicyAvailable="true" ServiceKey="uddi:ca34cdd3-d1c8-11e4-b66d-a700178dcd61" WsdlOperationName="POST__users__id__connect_tokens"/><Operation InterfaceName="{https://api.context.io/lite}context.io_API_Hook_PortType" ManagementState="Enabled" NumOfVirtualizedOperations="0" OperationKey="caa0d622-d1c8-11e4-b66d-a700178dcd61" OperationLastUpdatedAt="2015-03-24T04:01:53.960Z" OperationName="POST /users/{id}/email_accounts" PolicyAvailable="true" ServiceKey="uddi:ca34cdd3-d1c8-11e4-b66d-a700178dcd61" WsdlOperationName="POST__users__id__email_accounts"/><Operation InterfaceName="{https://api.context.io/lite}context.io_API_Hook_PortType" ManagementState="Enabled" NumOfVirtualizedOperations="0" OperationKey="caa2aae6-d1c8-11e4-b66d-a700178dcd61" OperationLastUpdatedAt="2015-03-24T04:01:53.960Z" OperationName="POST /users/{id}/email_accounts/{label}" PolicyAvailable="true" ServiceKey="uddi:ca34cdd3-d1c8-11e4-b66d-a700178dcd61" WsdlOperationName="POST__users__id__email_accounts__label_"/><Operation InterfaceName="{https://api.context.io/lite}context.io_API_Hook_PortType" ManagementState="Enabled" NumOfVirtualizedOperations="0" OperationKey="caab0f67-d1c8-11e4-b66d-a700178dcd61" OperationLastUpdatedAt="2015-03-24T04:01:53.960Z" OperationName="POST /users/{id}/email_accounts/{label}/folders/{folder}/messages/{message_id}/read" PolicyAvailable="true" ServiceKey="uddi:ca34cdd3-d1c8-11e4-b66d-a700178dcd61" WsdlOperationName="POST__users__id__email_accounts__label__folders__folder__messages__message_id__read"/><Operation InterfaceName="{https://api.context.io/lite}context.io_API_Hook_PortType" ManagementState="Enabled" NumOfVirtualizedOperations="0" OperationKey="cab45e4a-d1c8-11e4-b66d-a700178dcd61" OperationLastUpdatedAt="2015-03-24T04:01:53.960Z" OperationName="POST /users/{id}/webhooks" PolicyAvailable="true" ServiceKey="uddi:ca34cdd3-d1c8-11e4-b66d-a700178dcd61" WsdlOperationName="POST__users__id__webhooks"/></Operations></PhysicalService><ns4:businessService businessKey="uddi:7cbc5826-d1c8-11e4-b66d-a700178dcd61" serviceKey="uddi:ca34cdd3-d1c8-11e4-b66d-a700178dcd61"><ns4:name>context.io_API_Hook</ns4:name><ns4:bindingTemplates><ns4:bindingTemplate bindingKey="uddi:cb0e3e53-d1c8-11e4-b66d-a700178dcd61" serviceKey="uddi:ca34cdd3-d1c8-11e4-b66d-a700178dcd61"><ns4:accessPoint useType="endPoint">https://api.context.io/lite</ns4:accessPoint><ns4:tModelInstanceDetails><ns4:tModelInstanceInfo tModelKey="uddi:4a3aedb5-6e8c-edaf-1496-b88149fa98db"><ns4:description>The wsdl:binding that this wsdl:port implements. The instanceParms specifies the port local name.</ns4:description><ns4:instanceDetails><ns4:instanceParms>context.io_API_Hook_port</ns4:instanceParms></ns4:instanceDetails></ns4:tModelInstanceInfo><ns4:tModelInstanceInfo tModelKey="uddi:5d10da1f-da21-c79a-bbad-b1d078edde39"><ns4:description>The wsdl:portType that this wsdl:port implements.</ns4:description></ns4:tModelInstanceInfo></ns4:tModelInstanceDetails><ns4:categoryBag><ns4:keyedReference keyName="WSDL type" keyValue="port" tModelKey="uddi:uddi.org:wsdl:types"/></ns4:categoryBag></ns4:bindingTemplate></ns4:bindingTemplates><ns4:categoryBag><ns4:keyedReference keyName="Design" keyValue="Design" tModelKey="uddi:soa.com:servicelifecyclestage"/><ns4:keyedReference keyName="1.0" keyValue="15bc1114-57d0-4a8d-969c-1cf3d5b256e6" tModelKey="uddi:soa.com:serviceversion"/><ns4:keyedReference keyName="WSDL type" keyValue="service" tModelKey="uddi:uddi.org:wsdl:types"/><ns4:keyedReference keyName="service namespace" keyValue="https://api.context.io/lite" tModelKey="uddi:uddi.org:xml:namespace"/><ns4:keyedReference keyName="service local name" keyValue="context.io_API_Hook" tModelKey="uddi:uddi.org:xml:localname"/><ns4:keyedReferenceGroup tModelKey="uddi:soa.com:service:group"/></ns4:categoryBag></ns4:businessService><ns8:ExportServiceEndpoint><ns7:ServiceEndpoint><ns7:ServiceKey>uddi:ca34cdd3-d1c8-11e4-b66d-a700178dcd61</ns7:ServiceKey><ns7:Name>uddi:cb0e3e53-d1c8-11e4-b66d-a700178dcd61</ns7:Name><ns7:Url>https://api.context.io/lite</ns7:Url><ns7:BindingQName>{https://api.context.io/lite}context.io_API_Hook_Binding</ns7:BindingQName><ns7:PortName>context.io_API_Hook_port</ns7:PortName><ns7:Protocol>https</ns7:Protocol></ns7:ServiceEndpoint><ns8:EndpointWsdlUri>wsdls/uddi_cb0e3e53-d1c8-11e4-b66d-a700178dcd61.wsdl</ns8:EndpointWsdlUri></ns8:ExportServiceEndpoint></ns8:ExportService></ns8:ExportObjectConfiguration><ns8:ExportObjectConfiguration><ns2:ContractKey><ns2:Key>e0744ce7-d1c8-11e4-b66d-a700178dcd61</ns2:Key></ns2:ContractKey><ns8:ExportContract><ns11:Contract><ns11:ContractInfo Anonymous="true" Key="e0744ce7-d1c8-11e4-b66d-a700178dcd61:1191" Name="Anonymous" State="Activated"><ns11:Description></ns11:Description><ns11:ProviderOrganizationKey>uddi:7cbc5826-d1c8-11e4-b66d-a700178dcd61</ns11:ProviderOrganizationKey><ns2:EffectiveDateTimes><ns2:StartDateTime><ns2:DateTime>2015-03-24T12:55:00+11:00</ns2:DateTime><ns2:TimezoneName>Australia/Sydney</ns2:TimezoneName></ns2:StartDateTime><ns2:EndDateTime><ns2:DateTime>2016-03-23T12:55:00+11:00</ns2:DateTime><ns2:TimezoneName>Australia/Sydney</ns2:TimezoneName></ns2:EndDateTime><ns2:Expire>false</ns2:Expire></ns2:EffectiveDateTimes><ns11:ContractVersionInfo><ns11:LastModifiedTimestamp>2015-03-24+11:00</ns11:LastModifiedTimestamp><ns11:User>Local Domain\administrator</ns11:User><ns11:MetadataVersion>1</ns11:MetadataVersion><ns11:ActiveMetadataVersion>1</ns11:ActiveMetadataVersion></ns11:ContractVersionInfo><ns11:ContractType>service.contract</ns11:ContractType></ns11:ContractInfo><ns11:ContractScope><ns2:OrganizationKey>uddi:7cbc5826-d1c8-11e4-b66d-a700178dcd61</ns2:OrganizationKey></ns11:ContractScope></ns11:Contract></ns8:ExportContract></ns8:ExportObjectConfiguration><ns8:ExportObjectConfiguration><ns2:PolicyKey><ns2:Key>urn:uuid:78d98414-d1c9-11e4-b66d-a700178dcd61</ns2:Key></ns2:PolicyKey><ns8:ExportPolicy><ns10:Policy PolicyName="Insert OAuth 1.0 Token into Downstream Request"><ns10:PolicyKey>urn:uuid:78d98414-d1c9-11e4-b66d-a700178dcd61</ns10:PolicyKey><ns10:OrganizationKey>uddi:7cbc5826-d1c8-11e4-b66d-a700178dcd61</ns10:OrganizationKey><ns10:PolicyType>Operational Policy</ns10:PolicyType><ns10:PolicySubType>policy.xml</ns10:PolicySubType><ns10:Description></ns10:Description><ns10:ReadOnly>false</ns10:ReadOnly><ns10:LocalPolicy>false</ns10:LocalPolicy><ns10:LastUpdatedTime>2015-03-24T04:00:37.537Z</ns10:LastUpdatedTime><ns10:PolicyConfigurationAsString><ns10:Contents>&lt;![CDATA[&lt;?xml version="1.0" encoding="UTF-8"?&gt;
&lt;wsp:Policy visibility="public" xmlns:wsp="http://schemas.xmlsoap.org/ws/2004/09/policy"&gt;
	&lt;tns:OAuth1 xmlns:tns="http://com.soa.pso/policy/"&gt;
		&lt;tns:secret&gt;Oejq8ChqawNpBkzO&lt;/tns:secret&gt;
    	&lt;tns:callbackURL/&gt;
    	&lt;tns:appKey&gt;8i4xusqq&lt;/tns:appKey&gt;
    &lt;/tns:OAuth1&gt;
&lt;/wsp:Policy&gt;]]&gt;</ns10:Contents></ns10:PolicyConfigurationAsString></ns10:Policy></ns8:ExportPolicy></ns8:ExportObjectConfiguration><ns8:ExportObjectConfiguration><ns2:IdentityKey><ns2:Key>Local Domain\XZvCRTXKWsBnNLNclsI2oA==</ns2:Key><ns2:DomainName>Local Domain</ns2:DomainName><ns2:UserName>XZvCRTXKWsBnNLNclsI2oA==</ns2:UserName></ns2:IdentityKey><ns8:ExportUserIdentity><ns15:User DomainName="Local Domain" UserName="XZvCRTXKWsBnNLNclsI2oA=="><ns15:FullName>Service: uddi:bf8bc829-d290-11e4-8003-a8d0c27338fa</ns15:FullName><ns15:IdentityKey>urn:uuid:bf92f41a-d290-11e4-8003-a8d0c27338fa</ns15:IdentityKey><ns15:Password>KOWUXY8hKgdKmy1TcwiRJaciihIgHuvcEI/6ig/REWgsSEjG6QgpELIC4JAbFQm4taB4aLK+VeTKc5iR8cnVcQ==</ns15:Password><ns15:Disabled>false</ns15:Disabled><ns15:ForcePwdResetOnNextLogin>false</ns15:ForcePwdResetOnNextLogin><ns15:Expired>false</ns15:Expired><ns15:ReadOnly>true</ns15:ReadOnly><ns15:PasswordFrmSeed>0</ns15:PasswordFrmSeed><ns15:OrganizationKey>uddi:soa.com:registryorganization</ns15:OrganizationKey><ns15:PasswordSalt>//KLB6j2ihUNw14i6MYhmV+J+UYpJX+MoslUpOPs0lMNSPPChbFZlukgkKx9dEez3bgATKTXN6J3lg4tYVyFqQ==</ns15:PasswordSalt></ns15:User><ns8:PKIGenerated>true</ns8:PKIGenerated></ns8:ExportUserIdentity></ns8:ExportObjectConfiguration><ns8:ExportObjectConfiguration><ns2:IdentityKey><ns2:Key>Local Domain\jjo3SFFiTBanjaIzu5Msbw==</ns2:Key><ns2:DomainName>Local Domain</ns2:DomainName><ns2:UserName>jjo3SFFiTBanjaIzu5Msbw==</ns2:UserName></ns2:IdentityKey><ns8:ExportUserIdentity><ns15:User DomainName="Local Domain" UserName="jjo3SFFiTBanjaIzu5Msbw=="><ns15:FullName>Service: uddi:ca34cdd3-d1c8-11e4-b66d-a700178dcd61</ns15:FullName><ns15:IdentityKey>urn:uuid:ca3765e4-d1c8-11e4-b66d-a700178dcd61</ns15:IdentityKey><ns15:Password>/ydB1dmBTik5yOD96o6I5axxoEQ2jsOgUJlwf10xTbvdw9qiE99r8js/N26ylBoIbBmdkNNNlJOqddD6GUzBGw==</ns15:Password><ns15:Disabled>false</ns15:Disabled><ns15:ForcePwdResetOnNextLogin>false</ns15:ForcePwdResetOnNextLogin><ns15:Expired>false</ns15:Expired><ns15:ReadOnly>true</ns15:ReadOnly><ns15:PasswordFrmSeed>0</ns15:PasswordFrmSeed><ns15:OrganizationKey>uddi:soa.com:registryorganization</ns15:OrganizationKey><ns15:PasswordSalt>ol5AuiWuDiGJtCm3eyvd384marUUlUDOsu6hLe1TK2cmVnpfewqh3jFumOGUpF+KsYAYy7ehF/n6Dr1PHBHj3A==</ns15:PasswordSalt></ns15:User><ns8:PKIGenerated>true</ns8:PKIGenerated></ns8:ExportUserIdentity></ns8:ExportObjectConfiguration></ns8:ExportConfiguration>