<?xml version="1.0" encoding="UTF-8"?>
<ns2:ExportConfiguration xmlns:ns1="http://digev.com/uri/products/Types/xsd/1.0" xmlns:ns10="http://soa.com/uri/products/IdentityAuthorization/xsd/1.0" xmlns:ns11="http://soa.com/uri/products/Policy/xsd/1.0" xmlns:ns12="http://digev.com/uri/products/AlertManager/xsd/1.0" xmlns:ns13="http://soa.com/uri/products/Contracts/xsd/1.0" xmlns:ns14="http://digev.com/uri/products/PolicyManager/xsd/1.0" xmlns:ns15="urn:uddi-org:sub_v3" xmlns:ns2="http://www.soa.com/uri/products/ServiceManagerMigration/xsd/1.0" xmlns:ns3="http://digev.com/uri/products/ManagementServer/xsd/1.0" xmlns:ns4="http://www.soa.com/uri/products/SLAPolicy/xsd/1.0" xmlns:ns5="urn:uddi-org:api_v3" xmlns:ns6="http://www.w3.org/2000/09/xmldsig#" xmlns:ns7="http://soa.com/uri/products/ServiceProperties/1.0" xmlns:ns8="http://soa.com/uri/products/ServiceEndpointProperties/1.0" xmlns:ns9="http://soa.com/uri/products/Organization/xsd/1.0"><ns2:SourceOrganization><ns1:Key>uddi:soa.com:registryorganization</ns1:Key></ns2:SourceOrganization><ns2:ExportObjectConfiguration><ns1:OrganizationKey><ns1:Key>uddi:7cbc5826-d1c8-11e4-b66d-a700178dcd61</ns1:Key></ns1:OrganizationKey><ns2:ExportOrganization><ns9:Organization><ns9:OrganizationKey><ns1:Key>uddi:7cbc5826-d1c8-11e4-b66d-a700178dcd61</ns1:Key></ns9:OrganizationKey><ns9:ParentKey><ns1:Key>uddi:soa.com:registryorganization</ns1:Key></ns9:ParentKey><ns9:Name>Context.io Lite API Hook</ns9:Name><ns9:Description></ns9:Description><ns9:OrganizationType>Project</ns9:OrganizationType></ns9:Organization><ns5:businessEntity businessKey="uddi:7cbc5826-d1c8-11e4-b66d-a700178dcd61"><ns5:name>Context.io Lite API Hook</ns5:name><ns5:categoryBag><ns5:keyedReferenceGroup tModelKey="uddi:soa.com:organization:group"><ns5:keyedReference keyName="Organization type" keyValue="Project" tModelKey="uddi:soa.com:categorization:organizationtype"/></ns5:keyedReferenceGroup></ns5:categoryBag></ns5:businessEntity></ns2:ExportOrganization></ns2:ExportObjectConfiguration><ns2:ExportObjectConfiguration><ns1:BpelKey><ns1:Key>bpel:3c0c3a6a-d292-11e4-8003-a8d0c27338fa</ns1:Key></ns1:BpelKey><ns2:ExportBpel><ns2:BpelUri>bpels/bpel_3c0c3a6a-d292-11e4-8003-a8d0c27338fa.xml</ns2:BpelUri></ns2:ExportBpel></ns2:ExportObjectConfiguration><ns2:ExportObjectConfiguration><ns1:InterfaceKey><ns1:Key>uddi:5d10da1f-da21-c79a-bbad-b1d078edde39</ns1:Key><ns1:InterfaceQName>{https://api.context.io/lite}context.io_API_Hook_PortType</ns1:InterfaceQName></ns1:InterfaceKey><ns2:ExportInterface><ns5:tModel deleted="false" tModelKey="uddi:5d10da1f-da21-c79a-bbad-b1d078edde39"><ns5:name>context.io_API_Hook_PortType</ns5:name><ns5:categoryBag><ns5:keyedReference keyName="WSDL type" keyValue="portType" tModelKey="uddi:uddi.org:wsdl:types"/><ns5:keyedReference keyName="portType namespace" keyValue="https://api.context.io/lite" tModelKey="uddi:uddi.org:xml:namespace"/></ns5:categoryBag></ns5:tModel><ns2:InterfaceWsdlUri>wsdls/uddi_5d10da1f-da21-c79a-bbad-b1d078edde39.wsdl</ns2:InterfaceWsdlUri></ns2:ExportInterface></ns2:ExportObjectConfiguration><ns2:ExportObjectConfiguration><ns1:InterfaceKey><ns1:Key>uddi:4aea2875-51c6-ae4e-e610-554dba59c2c6</ns1:Key><ns1:InterfaceQName>{http://win7-64-vm:9905/contextio_hook}Context.io_Lite_API_Helloworld_PortType</ns1:InterfaceQName></ns1:InterfaceKey><ns2:ExportInterface><ns5:tModel deleted="false" tModelKey="uddi:4aea2875-51c6-ae4e-e610-554dba59c2c6"><ns5:name>Context.io_Lite_API_Helloworld_PortType</ns5:name><ns5:categoryBag><ns5:keyedReference keyName="WSDL type" keyValue="portType" tModelKey="uddi:uddi.org:wsdl:types"/><ns5:keyedReference keyName="portType namespace" keyValue="http://win7-64-vm:9905/contextio_hook" tModelKey="uddi:uddi.org:xml:namespace"/></ns5:categoryBag></ns5:tModel><ns2:InterfaceWsdlUri>wsdls/uddi_4aea2875-51c6-ae4e-e610-554dba59c2c6.wsdl</ns2:InterfaceWsdlUri></ns2:ExportInterface></ns2:ExportObjectConfiguration><ns2:ExportObjectConfiguration><ns1:BindingKey><ns1:Key>uddi:4a3aedb5-6e8c-edaf-1496-b88149fa98db</ns1:Key><ns1:BindingQName>{https://api.context.io/lite}context.io_API_Hook_Binding</ns1:BindingQName><ns1:BindingType>binding.http</ns1:BindingType></ns1:BindingKey><ns2:ExportBinding><ns5:tModel deleted="false" tModelKey="uddi:4a3aedb5-6e8c-edaf-1496-b88149fa98db"><ns5:name>context.io_API_Hook_Binding</ns5:name><ns5:categoryBag><ns5:keyedReference keyName="uddi-org:types" keyValue="wsdlSpec" tModelKey="uddi:uddi.org:categorization:types"/><ns5:keyedReference keyName="portType Reference" keyValue="uddi:5d10da1f-da21-c79a-bbad-b1d078edde39" tModelKey="uddi:uddi.org:wsdl:porttypereference"/><ns5:keyedReference keyName="WSDL type" keyValue="binding" tModelKey="uddi:uddi.org:wsdl:types"/><ns5:keyedReference keyName="binding namespace" keyValue="https://api.context.io/lite" tModelKey="uddi:uddi.org:xml:namespace"/></ns5:categoryBag></ns5:tModel><ns2:BindingWsdlUri>wsdls/uddi_4a3aedb5-6e8c-edaf-1496-b88149fa98db.wsdl</ns2:BindingWsdlUri></ns2:ExportBinding></ns2:ExportObjectConfiguration><ns2:ExportObjectConfiguration><ns1:BindingKey><ns1:Key>uddi:097e6a6c-b400-94f5-b000-a33d3f4cc14d</ns1:Key><ns1:BindingQName>{http://win7-64-vm:9905/contextio_hook}Context.io_Lite_API_Helloworld_Binding</ns1:BindingQName><ns1:BindingType>binding.http</ns1:BindingType></ns1:BindingKey><ns2:ExportBinding><ns5:tModel deleted="false" tModelKey="uddi:097e6a6c-b400-94f5-b000-a33d3f4cc14d"><ns5:name>Context.io_Lite_API_Helloworld_Binding</ns5:name><ns5:categoryBag><ns5:keyedReference keyName="uddi-org:types" keyValue="wsdlSpec" tModelKey="uddi:uddi.org:categorization:types"/><ns5:keyedReference keyName="portType Reference" keyValue="uddi:4aea2875-51c6-ae4e-e610-554dba59c2c6" tModelKey="uddi:uddi.org:wsdl:porttypereference"/><ns5:keyedReference keyName="WSDL type" keyValue="binding" tModelKey="uddi:uddi.org:wsdl:types"/><ns5:keyedReference keyName="binding namespace" keyValue="http://win7-64-vm:9905/contextio_hook" tModelKey="uddi:uddi.org:xml:namespace"/></ns5:categoryBag></ns5:tModel><ns2:BindingWsdlUri>wsdls/uddi_097e6a6c-b400-94f5-b000-a33d3f4cc14d.wsdl</ns2:BindingWsdlUri></ns2:ExportBinding></ns2:ExportObjectConfiguration><ns2:ExportObjectConfiguration><ns1:ServiceKey><ns1:Key>uddi:bf8bc829-d290-11e4-8003-a8d0c27338fa</ns1:Key><ns1:ServiceQName>{http://win7-64-vm:9905/contextio_hook}Context.io_Lite_API_Helloworld</ns1:ServiceQName></ns1:ServiceKey><ns2:ExportService><ns3:VirtualService BusinessKey="uddi:7cbc5826-d1c8-11e4-b66d-a700178dcd61" ServiceKey="uddi:bf8bc829-d290-11e4-8003-a8d0c27338fa" WsdlServiceLocalName="Context.io_Lite_API_Helloworld" WsdlTargetNamespaceUrl="http://win7-64-vm:9905/contextio_hook"><ns3:Name>Context.io_Lite_API_Helloworld</ns3:Name><ns3:Description></ns3:Description><ns3:Operations><ns3:LogicalOperation InterfaceName="{http://win7-64-vm:9905/contextio_hook}Context.io_Lite_API_Helloworld_PortType" ManagementState="Enabled" NextHopOperationKey="uddi:ca34cdd3-d1c8-11e4-b66d-a700178dcd61$$${https://api.context.io/lite}context.io_API_Hook_PortType$$$GET__users" NextHopOperationName="GET /users" NextHopServiceKey="uddi:ca34cdd3-d1c8-11e4-b66d-a700178dcd61" NextHopServiceName="context.io_API_Hook" NumOfVirtualizedOperations="0" OperationKey="bfe0c5fd-d290-11e4-8003-a8d0c27338fa" OperationLastUpdatedAt="2015-04-14T05:40:35.387Z" OperationName="GET /helloworld" PolicyAvailable="true" ServiceKey="uddi:bf8bc829-d290-11e4-8003-a8d0c27338fa" WsdlOperationName="GET__helloworld"><ns3:NextHopOperation InterfaceName="{https://api.context.io/lite}context.io_API_Hook_PortType" OperationKey="ca990de7-d1c8-11e4-b66d-a700178dcd61" OperationLastUpdatedAt="2015-04-14T06:03:32.837Z" OperationName="GET /users" ServiceKey="uddi:ca34cdd3-d1c8-11e4-b66d-a700178dcd61" ServiceName="context.io_API_Hook" WsdlOperationName="GET__users"/></ns3:LogicalOperation></ns3:Operations></ns3:VirtualService><ns5:businessService businessKey="uddi:7cbc5826-d1c8-11e4-b66d-a700178dcd61" serviceKey="uddi:bf8bc829-d290-11e4-8003-a8d0c27338fa"><ns5:name>Context.io_Lite_API_Helloworld</ns5:name><ns5:bindingTemplates><ns5:bindingTemplate bindingKey="uddi:c00da260-d290-11e4-8003-a8d0c27338fa" serviceKey="uddi:bf8bc829-d290-11e4-8003-a8d0c27338fa"><ns5:accessPoint useType="endPoint">http://win7-64-vm:80/contextio_hook</ns5:accessPoint><ns5:tModelInstanceDetails><ns5:tModelInstanceInfo tModelKey="uddi:097e6a6c-b400-94f5-b000-a33d3f4cc14d"><ns5:description>The wsdl:binding that this wsdl:port implements. The instanceParms specifies the port local name.</ns5:description><ns5:instanceDetails><ns5:instanceParms>HTTP</ns5:instanceParms></ns5:instanceDetails></ns5:tModelInstanceInfo><ns5:tModelInstanceInfo tModelKey="uddi:4aea2875-51c6-ae4e-e610-554dba59c2c6"><ns5:description>The wsdl:portType that this wsdl:port implements.</ns5:description></ns5:tModelInstanceInfo></ns5:tModelInstanceDetails><ns5:categoryBag><ns5:keyedReference keyName="WSDL type" keyValue="port" tModelKey="uddi:uddi.org:wsdl:types"/><ns5:keyedReferenceGroup tModelKey="uddi:soa.com:serviceendpoint:group"><ns5:keyedReference keyName="containerKey" keyValue="ND-Cluster" tModelKey="uddi:soa.com:serviceendpoint:containername"/><ns5:keyedReference keyName="listenerName" keyValue="default-http0" tModelKey="uddi:soa.com:serviceendpoint:listenername"/></ns5:keyedReferenceGroup></ns5:categoryBag></ns5:bindingTemplate></ns5:bindingTemplates><ns5:categoryBag><ns5:keyedReference keyName="Managed Service" keyValue="Managed Service" tModelKey="uddi:digev.com:categorization:services"/><ns5:keyedReference keyName="Virtual Service" keyValue="Virtual Service" tModelKey="uddi:digev.com:categorization:services"/><ns5:keyedReference keyName="Design" keyValue="Design" tModelKey="uddi:soa.com:servicelifecyclestage"/><ns5:keyedReference keyName="WSDL type" keyValue="service" tModelKey="uddi:uddi.org:wsdl:types"/><ns5:keyedReference keyName="service local name" keyValue="Context.io_Lite_API_Helloworld" tModelKey="uddi:uddi.org:xml:localname"/><ns5:keyedReference keyName="service namespace" keyValue="http://win7-64-vm:9905/contextio_hook" tModelKey="uddi:uddi.org:xml:namespace"/><ns5:keyedReferenceGroup tModelKey="uddi:soa.com:service:group"/></ns5:categoryBag></ns5:businessService><ns2:ExportServiceEndpoint><ns8:ServiceEndpoint><ns8:ServiceKey>uddi:bf8bc829-d290-11e4-8003-a8d0c27338fa</ns8:ServiceKey><ns8:Name>uddi:c00da260-d290-11e4-8003-a8d0c27338fa</ns8:Name><ns8:Url>http://win7-64-vm:80/contextio_hook</ns8:Url><ns8:BindingQName>{http://win7-64-vm:9905/contextio_hook}Context.io_Lite_API_Helloworld_Binding</ns8:BindingQName><ns8:PortName>HTTP</ns8:PortName><ns8:Protocol>http</ns8:Protocol><ns8:ContainerKey>ND-Cluster</ns8:ContainerKey><ns8:ListenerName>default-http0</ns8:ListenerName></ns8:ServiceEndpoint><ns2:EndpointWsdlUri>wsdls/uddi_c00da260-d290-11e4-8003-a8d0c27338fa.wsdl</ns2:EndpointWsdlUri></ns2:ExportServiceEndpoint><ns2:BpelUri>services/uddi_bf8bc829-d290-11e4-8003-a8d0c27338fa/bpel.xml</ns2:BpelUri><ns2:ManagementUri>services/uddi_bf8bc829-d290-11e4-8003-a8d0c27338fa/management.xml</ns2:ManagementUri></ns2:ExportService></ns2:ExportObjectConfiguration><ns2:ExportObjectConfiguration><ns1:ServiceKey><ns1:Key>uddi:ca34cdd3-d1c8-11e4-b66d-a700178dcd61</ns1:Key><ns1:ServiceQName>{https://api.context.io/lite}context.io_API_Hook</ns1:ServiceQName></ns1:ServiceKey><ns2:ExportService><ns3:PhysicalService BusinessKey="uddi:7cbc5826-d1c8-11e4-b66d-a700178dcd61" Discovered="false" ServiceKey="uddi:ca34cdd3-d1c8-11e4-b66d-a700178dcd61" WsdlServiceLocalName="context.io_API_Hook" WsdlTargetNamespaceUrl="https://api.context.io/lite"><ns3:Name>context.io_API_Hook</ns3:Name><ns3:Description></ns3:Description><ns3:Operations><ns3:Operation InterfaceName="{https://api.context.io/lite}context.io_API_Hook_PortType" ManagementState="Enabled" NumOfVirtualizedOperations="0" OperationKey="cab7e0c2-d1c8-11e4-b66d-a700178dcd61" OperationLastUpdatedAt="2015-04-14T06:03:32.837Z" OperationName="DELETE /connect_tokens/{token}" PolicyAvailable="true" ServiceKey="uddi:ca34cdd3-d1c8-11e4-b66d-a700178dcd61" WsdlOperationName="DELETE__connect_tokens__token_"/><ns3:Operation InterfaceName="{https://api.context.io/lite}context.io_API_Hook_PortType" ManagementState="Enabled" NumOfVirtualizedOperations="0" OperationKey="cabd37fc-d1c8-11e4-b66d-a700178dcd61" OperationLastUpdatedAt="2015-04-14T06:03:32.837Z" OperationName="DELETE /oauth_providers/{key}" PolicyAvailable="true" ServiceKey="uddi:ca34cdd3-d1c8-11e4-b66d-a700178dcd61" WsdlOperationName="DELETE__oauth_providers__key_"/><ns3:Operation InterfaceName="{https://api.context.io/lite}context.io_API_Hook_PortType" ManagementState="Enabled" NumOfVirtualizedOperations="0" OperationKey="ca9da1cd-d1c8-11e4-b66d-a700178dcd61" OperationLastUpdatedAt="2015-04-14T06:03:32.837Z" OperationName="DELETE /users/{id}" PolicyAvailable="true" ServiceKey="uddi:ca34cdd3-d1c8-11e4-b66d-a700178dcd61" WsdlOperationName="DELETE__users__id_"/><ns3:Operation InterfaceName="{https://api.context.io/lite}context.io_API_Hook_PortType" ManagementState="Enabled" NumOfVirtualizedOperations="0" OperationKey="cab2b097-d1c8-11e4-b66d-a700178dcd61" OperationLastUpdatedAt="2015-04-14T06:03:32.837Z" OperationName="DELETE /users/{id}/connect_tokens/{token}" PolicyAvailable="true" ServiceKey="uddi:ca34cdd3-d1c8-11e4-b66d-a700178dcd61" WsdlOperationName="DELETE__users__id__connect_tokens__token_"/><ns3:Operation InterfaceName="{https://api.context.io/lite}context.io_API_Hook_PortType" ManagementState="Enabled" NumOfVirtualizedOperations="0" OperationKey="caa39548-d1c8-11e4-b66d-a700178dcd61" OperationLastUpdatedAt="2015-04-14T06:03:32.837Z" OperationName="DELETE /users/{id}/email_accounts/{label}" PolicyAvailable="true" ServiceKey="uddi:ca34cdd3-d1c8-11e4-b66d-a700178dcd61" WsdlOperationName="DELETE__users__id__email_accounts__label_"/><ns3:Operation InterfaceName="{https://api.context.io/lite}context.io_API_Hook_PortType" ManagementState="Enabled" NumOfVirtualizedOperations="0" OperationKey="caac47e9-d1c8-11e4-b66d-a700178dcd61" OperationLastUpdatedAt="2015-04-14T06:03:32.837Z" OperationName="DELETE /users/{id}/email_accounts/{label}/folders/{folder}/messages/{message_id}/read" PolicyAvailable="true" ServiceKey="uddi:ca34cdd3-d1c8-11e4-b66d-a700178dcd61" WsdlOperationName="DELETE__users__id__email_accounts__label__folders__folder__messages__message_id__read"/><ns3:Operation InterfaceName="{https://api.context.io/lite}context.io_API_Hook_PortType" ManagementState="Enabled" NumOfVirtualizedOperations="0" OperationKey="cab548ac-d1c8-11e4-b66d-a700178dcd61" OperationLastUpdatedAt="2015-04-14T06:03:32.837Z" OperationName="GET /connect_tokens" PolicyAvailable="true" ServiceKey="uddi:ca34cdd3-d1c8-11e4-b66d-a700178dcd61" WsdlOperationName="GET__connect_tokens"/><ns3:Operation InterfaceName="{https://api.context.io/lite}context.io_API_Hook_PortType" ManagementState="Enabled" NumOfVirtualizedOperations="0" OperationKey="cab6f660-d1c8-11e4-b66d-a700178dcd61" OperationLastUpdatedAt="2015-04-14T06:03:32.837Z" OperationName="GET /connect_tokens/{token}" PolicyAvailable="true" ServiceKey="uddi:ca34cdd3-d1c8-11e4-b66d-a700178dcd61" WsdlOperationName="GET__connect_tokens__token_"/><ns3:Operation InterfaceName="{https://api.context.io/lite}context.io_API_Hook_PortType" ManagementState="Enabled" NumOfVirtualizedOperations="0" OperationKey="cab8cb24-d1c8-11e4-b66d-a700178dcd61" OperationLastUpdatedAt="2015-04-14T06:03:32.837Z" OperationName="GET /discovery" PolicyAvailable="true" ServiceKey="uddi:ca34cdd3-d1c8-11e4-b66d-a700178dcd61" WsdlOperationName="GET__discovery"/><ns3:Operation InterfaceName="{https://api.context.io/lite}context.io_API_Hook_PortType" ManagementState="Enabled" NumOfVirtualizedOperations="0" OperationKey="cab9b586-d1c8-11e4-b66d-a700178dcd61" OperationLastUpdatedAt="2015-04-14T06:03:32.837Z" OperationName="GET /oauth_providers" PolicyAvailable="true" ServiceKey="uddi:ca34cdd3-d1c8-11e4-b66d-a700178dcd61" WsdlOperationName="GET__oauth_providers"/><ns3:Operation InterfaceName="{https://api.context.io/lite}context.io_API_Hook_PortType" ManagementState="Enabled" NumOfVirtualizedOperations="0" OperationKey="cabbff7a-d1c8-11e4-b66d-a700178dcd61" OperationLastUpdatedAt="2015-04-14T06:03:32.837Z" OperationName="GET /oauth_providers/{key}" PolicyAvailable="true" ServiceKey="uddi:ca34cdd3-d1c8-11e4-b66d-a700178dcd61" WsdlOperationName="GET__oauth_providers__key_"/><ns3:Operation InterfaceName="{https://api.context.io/lite}context.io_API_Hook_PortType" ManagementState="Enabled" NumOfVirtualizedOperations="2" OperationKey="ca990de7-d1c8-11e4-b66d-a700178dcd61" OperationLastUpdatedAt="2015-04-14T06:03:32.837Z" OperationName="GET /users" PolicyAvailable="true" ServiceKey="uddi:ca34cdd3-d1c8-11e4-b66d-a700178dcd61" WsdlOperationName="GET__users"/><ns3:Operation InterfaceName="{https://api.context.io/lite}context.io_API_Hook_PortType" ManagementState="Enabled" NumOfVirtualizedOperations="0" OperationKey="ca9cb76b-d1c8-11e4-b66d-a700178dcd61" OperationLastUpdatedAt="2015-04-14T06:03:32.837Z" OperationName="GET /users/{id}" PolicyAvailable="true" ServiceKey="uddi:ca34cdd3-d1c8-11e4-b66d-a700178dcd61" WsdlOperationName="GET__users__id_"/><ns3:Operation InterfaceName="{https://api.context.io/lite}context.io_API_Hook_PortType" ManagementState="Enabled" NumOfVirtualizedOperations="0" OperationKey="cab01881-d1c8-11e4-b66d-a700178dcd61" OperationLastUpdatedAt="2015-04-14T06:03:32.837Z" OperationName="GET /users/{id}/connect_tokens" PolicyAvailable="true" ServiceKey="uddi:ca34cdd3-d1c8-11e4-b66d-a700178dcd61" WsdlOperationName="GET__users__id__connect_tokens"/><ns3:Operation InterfaceName="{https://api.context.io/lite}context.io_API_Hook_PortType" ManagementState="Enabled" NumOfVirtualizedOperations="0" OperationKey="cab1c635-d1c8-11e4-b66d-a700178dcd61" OperationLastUpdatedAt="2015-04-14T06:03:32.837Z" OperationName="GET /users/{id}/connect_tokens/{token}" PolicyAvailable="true" ServiceKey="uddi:ca34cdd3-d1c8-11e4-b66d-a700178dcd61" WsdlOperationName="GET__users__id__connect_tokens__token_"/><ns3:Operation InterfaceName="{https://api.context.io/lite}context.io_API_Hook_PortType" ManagementState="Enabled" NumOfVirtualizedOperations="0" OperationKey="ca9f7690-d1c8-11e4-b66d-a700178dcd61" OperationLastUpdatedAt="2015-04-14T06:03:32.837Z" OperationName="GET /users/{id}/email_accounts" PolicyAvailable="true" ServiceKey="uddi:ca34cdd3-d1c8-11e4-b66d-a700178dcd61" WsdlOperationName="GET__users__id__email_accounts"/><ns3:Operation InterfaceName="{https://api.context.io/lite}context.io_API_Hook_PortType" ManagementState="Enabled" NumOfVirtualizedOperations="0" OperationKey="caa1c084-d1c8-11e4-b66d-a700178dcd61" OperationLastUpdatedAt="2015-04-14T06:03:32.837Z" OperationName="GET /users/{id}/email_accounts/{label}" PolicyAvailable="true" ServiceKey="uddi:ca34cdd3-d1c8-11e4-b66d-a700178dcd61" WsdlOperationName="GET__users__id__email_accounts__label_"/><ns3:Operation InterfaceName="{https://api.context.io/lite}context.io_API_Hook_PortType" ManagementState="Enabled" NumOfVirtualizedOperations="1" OperationKey="caa45899-d1c8-11e4-b66d-a700178dcd61" OperationLastUpdatedAt="2015-04-14T06:03:32.837Z" OperationName="GET /users/{id}/email_accounts/{label}/folders" PolicyAvailable="true" ServiceKey="uddi:ca34cdd3-d1c8-11e4-b66d-a700178dcd61" WsdlOperationName="GET__users__id__email_accounts__label__folders"/><ns3:Operation InterfaceName="{https://api.context.io/lite}context.io_API_Hook_PortType" ManagementState="Enabled" NumOfVirtualizedOperations="0" OperationKey="caa542fb-d1c8-11e4-b66d-a700178dcd61" OperationLastUpdatedAt="2015-04-14T06:03:32.837Z" OperationName="GET /users/{id}/email_accounts/{label}/folders/{folder}" PolicyAvailable="true" ServiceKey="uddi:ca34cdd3-d1c8-11e4-b66d-a700178dcd61" WsdlOperationName="GET__users__id__email_accounts__label__folders__folder_"/><ns3:Operation InterfaceName="{https://api.context.io/lite}context.io_API_Hook_PortType" ManagementState="Enabled" NumOfVirtualizedOperations="1" OperationKey="caa6064d-d1c8-11e4-b66d-a700178dcd61" OperationLastUpdatedAt="2015-04-14T06:03:32.837Z" OperationName="GET /users/{id}/email_accounts/{label}/folders/{folder}/messages" PolicyAvailable="true" ServiceKey="uddi:ca34cdd3-d1c8-11e4-b66d-a700178dcd61" WsdlOperationName="GET__users__id__email_accounts__label__folders__folder__messages"/><ns3:Operation InterfaceName="{https://api.context.io/lite}context.io_API_Hook_PortType" ManagementState="Enabled" NumOfVirtualizedOperations="0" OperationKey="caa6c99f-d1c8-11e4-b66d-a700178dcd61" OperationLastUpdatedAt="2015-04-14T06:03:32.837Z" OperationName="GET /users/{id}/email_accounts/{label}/folders/{folder}/messages/{message_id}" PolicyAvailable="true" ServiceKey="uddi:ca34cdd3-d1c8-11e4-b66d-a700178dcd61" WsdlOperationName="GET__users__id__email_accounts__label__folders__folder__messages__message_id_"/><ns3:Operation InterfaceName="{https://api.context.io/lite}context.io_API_Hook_PortType" ManagementState="Enabled" NumOfVirtualizedOperations="0" OperationKey="caa91393-d1c8-11e4-b66d-a700178dcd61" OperationLastUpdatedAt="2015-04-14T06:03:32.837Z" OperationName="GET /users/{id}/email_accounts/{label}/folders/{folder}/messages/{message_id}/attachments" PolicyAvailable="true" ServiceKey="uddi:ca34cdd3-d1c8-11e4-b66d-a700178dcd61" WsdlOperationName="GET__users__id__email_accounts__label__folders__folder__messages__message_id__attachments"/><ns3:Operation InterfaceName="{https://api.context.io/lite}context.io_API_Hook_PortType" ManagementState="Enabled" NumOfVirtualizedOperations="0" OperationKey="caa9fdf5-d1c8-11e4-b66d-a700178dcd61" OperationLastUpdatedAt="2015-04-14T06:03:32.837Z" OperationName="GET /users/{id}/email_accounts/{label}/folders/{folder}/messages/{message_id}/attachments/{attachment_id}" PolicyAvailable="true" ServiceKey="uddi:ca34cdd3-d1c8-11e4-b66d-a700178dcd61" WsdlOperationName="GET__users__id__email_accounts__label__folders__folder__messages__message_id__attachments__attachment_id_"/><ns3:Operation InterfaceName="{https://api.context.io/lite}context.io_API_Hook_PortType" ManagementState="Enabled" NumOfVirtualizedOperations="1" OperationKey="caae6acd-d1c8-11e4-b66d-a700178dcd61" OperationLastUpdatedAt="2015-04-14T06:03:32.837Z" OperationName="GET /users/{id}/email_accounts/{label}/folders/{folder}/messages/{message_id}/body" PolicyAvailable="true" ServiceKey="uddi:ca34cdd3-d1c8-11e4-b66d-a700178dcd61" WsdlOperationName="GET__users__id__email_accounts__label__folders__folder__messages__message_id__body"/><ns3:Operation InterfaceName="{https://api.context.io/lite}context.io_API_Hook_PortType" ManagementState="Enabled" NumOfVirtualizedOperations="0" OperationKey="caa85041-d1c8-11e4-b66d-a700178dcd61" OperationLastUpdatedAt="2015-04-14T06:03:32.837Z" OperationName="GET /users/{id}/email_accounts/{label}/folders/{folder}/messages/{message_id}/flags" PolicyAvailable="true" ServiceKey="uddi:ca34cdd3-d1c8-11e4-b66d-a700178dcd61" WsdlOperationName="GET__users__id__email_accounts__label__folders__folder__messages__message_id__flags"/><ns3:Operation InterfaceName="{https://api.context.io/lite}context.io_API_Hook_PortType" ManagementState="Enabled" NumOfVirtualizedOperations="0" OperationKey="caad806b-d1c8-11e4-b66d-a700178dcd61" OperationLastUpdatedAt="2015-04-14T06:03:32.837Z" OperationName="GET /users/{id}/email_accounts/{label}/folders/{folder}/messages/{message_id}/headers" PolicyAvailable="true" ServiceKey="uddi:ca34cdd3-d1c8-11e4-b66d-a700178dcd61" WsdlOperationName="GET__users__id__email_accounts__label__folders__folder__messages__message_id__headers"/><ns3:Operation InterfaceName="{https://api.context.io/lite}context.io_API_Hook_PortType" ManagementState="Enabled" NumOfVirtualizedOperations="0" OperationKey="caaf552f-d1c8-11e4-b66d-a700178dcd61" OperationLastUpdatedAt="2015-04-14T06:03:32.837Z" OperationName="GET /users/{id}/email_accounts/{label}/folders/{folder}/messages/{message_id}/raw" PolicyAvailable="true" ServiceKey="uddi:ca34cdd3-d1c8-11e4-b66d-a700178dcd61" WsdlOperationName="GET__users__id__email_accounts__label__folders__folder__messages__message_id__raw"/><ns3:Operation InterfaceName="{https://api.context.io/lite}context.io_API_Hook_PortType" ManagementState="Enabled" NumOfVirtualizedOperations="0" OperationKey="cab39af8-d1c8-11e4-b66d-a700178dcd61" OperationLastUpdatedAt="2015-04-14T06:03:32.837Z" OperationName="GET /users/{id}/webhooks" PolicyAvailable="true" ServiceKey="uddi:ca34cdd3-d1c8-11e4-b66d-a700178dcd61" WsdlOperationName="GET__users__id__webhooks"/><ns3:Operation InterfaceName="{https://api.context.io/lite}context.io_API_Hook_PortType" ManagementState="Enabled" NumOfVirtualizedOperations="0" OperationKey="cab6330e-d1c8-11e4-b66d-a700178dcd61" OperationLastUpdatedAt="2015-04-14T06:03:32.837Z" OperationName="POST /connect_tokens" PolicyAvailable="true" ServiceKey="uddi:ca34cdd3-d1c8-11e4-b66d-a700178dcd61" WsdlOperationName="POST__connect_tokens"/><ns3:Operation InterfaceName="{https://api.context.io/lite}context.io_API_Hook_PortType" ManagementState="Enabled" NumOfVirtualizedOperations="0" OperationKey="caba9fe8-d1c8-11e4-b66d-a700178dcd61" OperationLastUpdatedAt="2015-04-14T06:03:32.837Z" OperationName="POST /oauth_providers" PolicyAvailable="true" ServiceKey="uddi:ca34cdd3-d1c8-11e4-b66d-a700178dcd61" WsdlOperationName="POST__oauth_providers"/><ns3:Operation InterfaceName="{https://api.context.io/lite}context.io_API_Hook_PortType" ManagementState="Enabled" NumOfVirtualizedOperations="0" OperationKey="ca9bcd09-d1c8-11e4-b66d-a700178dcd61" OperationLastUpdatedAt="2015-04-14T06:03:32.837Z" OperationName="POST /users" PolicyAvailable="true" ServiceKey="uddi:ca34cdd3-d1c8-11e4-b66d-a700178dcd61" WsdlOperationName="POST__users"/><ns3:Operation InterfaceName="{https://api.context.io/lite}context.io_API_Hook_PortType" ManagementState="Enabled" NumOfVirtualizedOperations="0" OperationKey="ca9e651e-d1c8-11e4-b66d-a700178dcd61" OperationLastUpdatedAt="2015-04-14T06:03:32.837Z" OperationName="POST /users/{id}" PolicyAvailable="true" ServiceKey="uddi:ca34cdd3-d1c8-11e4-b66d-a700178dcd61" WsdlOperationName="POST__users__id_"/><ns3:Operation InterfaceName="{https://api.context.io/lite}context.io_API_Hook_PortType" ManagementState="Enabled" NumOfVirtualizedOperations="0" OperationKey="cab102e3-d1c8-11e4-b66d-a700178dcd61" OperationLastUpdatedAt="2015-04-14T06:03:32.837Z" OperationName="POST /users/{id}/connect_tokens" PolicyAvailable="true" ServiceKey="uddi:ca34cdd3-d1c8-11e4-b66d-a700178dcd61" WsdlOperationName="POST__users__id__connect_tokens"/><ns3:Operation InterfaceName="{https://api.context.io/lite}context.io_API_Hook_PortType" ManagementState="Enabled" NumOfVirtualizedOperations="0" OperationKey="caa0d622-d1c8-11e4-b66d-a700178dcd61" OperationLastUpdatedAt="2015-04-14T06:03:32.837Z" OperationName="POST /users/{id}/email_accounts" PolicyAvailable="true" ServiceKey="uddi:ca34cdd3-d1c8-11e4-b66d-a700178dcd61" WsdlOperationName="POST__users__id__email_accounts"/><ns3:Operation InterfaceName="{https://api.context.io/lite}context.io_API_Hook_PortType" ManagementState="Enabled" NumOfVirtualizedOperations="0" OperationKey="caa2aae6-d1c8-11e4-b66d-a700178dcd61" OperationLastUpdatedAt="2015-04-14T06:03:32.837Z" OperationName="POST /users/{id}/email_accounts/{label}" PolicyAvailable="true" ServiceKey="uddi:ca34cdd3-d1c8-11e4-b66d-a700178dcd61" WsdlOperationName="POST__users__id__email_accounts__label_"/><ns3:Operation InterfaceName="{https://api.context.io/lite}context.io_API_Hook_PortType" ManagementState="Enabled" NumOfVirtualizedOperations="0" OperationKey="caab0f67-d1c8-11e4-b66d-a700178dcd61" OperationLastUpdatedAt="2015-04-14T06:03:32.837Z" OperationName="POST /users/{id}/email_accounts/{label}/folders/{folder}/messages/{message_id}/read" PolicyAvailable="true" ServiceKey="uddi:ca34cdd3-d1c8-11e4-b66d-a700178dcd61" WsdlOperationName="POST__users__id__email_accounts__label__folders__folder__messages__message_id__read"/><ns3:Operation InterfaceName="{https://api.context.io/lite}context.io_API_Hook_PortType" ManagementState="Enabled" NumOfVirtualizedOperations="0" OperationKey="cab45e4a-d1c8-11e4-b66d-a700178dcd61" OperationLastUpdatedAt="2015-04-14T06:03:32.837Z" OperationName="POST /users/{id}/webhooks" PolicyAvailable="true" ServiceKey="uddi:ca34cdd3-d1c8-11e4-b66d-a700178dcd61" WsdlOperationName="POST__users__id__webhooks"/></ns3:Operations></ns3:PhysicalService><ns5:businessService businessKey="uddi:7cbc5826-d1c8-11e4-b66d-a700178dcd61" serviceKey="uddi:ca34cdd3-d1c8-11e4-b66d-a700178dcd61"><ns5:name>context.io_API_Hook</ns5:name><ns5:bindingTemplates><ns5:bindingTemplate bindingKey="uddi:cb0e3e53-d1c8-11e4-b66d-a700178dcd61" serviceKey="uddi:ca34cdd3-d1c8-11e4-b66d-a700178dcd61"><ns5:accessPoint useType="endPoint">https://api.context.io/lite</ns5:accessPoint><ns5:tModelInstanceDetails><ns5:tModelInstanceInfo tModelKey="uddi:4a3aedb5-6e8c-edaf-1496-b88149fa98db"><ns5:description>The wsdl:binding that this wsdl:port implements. The instanceParms specifies the port local name.</ns5:description><ns5:instanceDetails><ns5:instanceParms>context.io_API_Hook_port</ns5:instanceParms></ns5:instanceDetails></ns5:tModelInstanceInfo><ns5:tModelInstanceInfo tModelKey="uddi:5d10da1f-da21-c79a-bbad-b1d078edde39"><ns5:description>The wsdl:portType that this wsdl:port implements.</ns5:description></ns5:tModelInstanceInfo></ns5:tModelInstanceDetails><ns5:categoryBag><ns5:keyedReference keyName="WSDL type" keyValue="port" tModelKey="uddi:uddi.org:wsdl:types"/></ns5:categoryBag></ns5:bindingTemplate></ns5:bindingTemplates><ns5:categoryBag><ns5:keyedReference keyName="Design" keyValue="Design" tModelKey="uddi:soa.com:servicelifecyclestage"/><ns5:keyedReference keyName="1.0" keyValue="15bc1114-57d0-4a8d-969c-1cf3d5b256e6" tModelKey="uddi:soa.com:serviceversion"/><ns5:keyedReference keyName="WSDL type" keyValue="service" tModelKey="uddi:uddi.org:wsdl:types"/><ns5:keyedReference keyName="service local name" keyValue="context.io_API_Hook" tModelKey="uddi:uddi.org:xml:localname"/><ns5:keyedReference keyName="service namespace" keyValue="https://api.context.io/lite" tModelKey="uddi:uddi.org:xml:namespace"/><ns5:keyedReferenceGroup tModelKey="uddi:soa.com:service:group"/></ns5:categoryBag></ns5:businessService><ns2:ExportServiceEndpoint><ns8:ServiceEndpoint><ns8:ServiceKey>uddi:ca34cdd3-d1c8-11e4-b66d-a700178dcd61</ns8:ServiceKey><ns8:Name>uddi:cb0e3e53-d1c8-11e4-b66d-a700178dcd61</ns8:Name><ns8:Url>https://api.context.io/lite</ns8:Url><ns8:BindingQName>{https://api.context.io/lite}context.io_API_Hook_Binding</ns8:BindingQName><ns8:PortName>context.io_API_Hook_port</ns8:PortName><ns8:Protocol>https</ns8:Protocol></ns8:ServiceEndpoint><ns2:EndpointWsdlUri>wsdls/uddi_cb0e3e53-d1c8-11e4-b66d-a700178dcd61.wsdl</ns2:EndpointWsdlUri></ns2:ExportServiceEndpoint></ns2:ExportService></ns2:ExportObjectConfiguration><ns2:ExportObjectConfiguration><ns1:ContractKey><ns1:Key>e0744ce7-d1c8-11e4-b66d-a700178dcd61</ns1:Key></ns1:ContractKey><ns2:ExportContract><ns13:Contract><ns13:ContractInfo Anonymous="true" Key="e0744ce7-d1c8-11e4-b66d-a700178dcd61:1191" Name="Anonymous" State="Activated"><ns13:Description></ns13:Description><ns13:ProviderOrganizationKey>uddi:7cbc5826-d1c8-11e4-b66d-a700178dcd61</ns13:ProviderOrganizationKey><ns1:EffectiveDateTimes><ns1:StartDateTime><ns1:DateTime>2015-03-24T12:55:00+11:00</ns1:DateTime><ns1:TimezoneName>Australia/Sydney</ns1:TimezoneName></ns1:StartDateTime><ns1:EndDateTime><ns1:DateTime>2016-03-23T12:55:00+11:00</ns1:DateTime><ns1:TimezoneName>Australia/Sydney</ns1:TimezoneName></ns1:EndDateTime><ns1:Expire>false</ns1:Expire></ns1:EffectiveDateTimes><ns13:ContractVersionInfo><ns13:LastModifiedTimestamp>2015-03-24+11:00</ns13:LastModifiedTimestamp><ns13:User>Local Domain\administrator</ns13:User><ns13:MetadataVersion>1</ns13:MetadataVersion><ns13:ActiveMetadataVersion>1</ns13:ActiveMetadataVersion></ns13:ContractVersionInfo><ns13:ContractType>service.contract</ns13:ContractType></ns13:ContractInfo><ns13:ContractScope><ns1:OrganizationKey>uddi:7cbc5826-d1c8-11e4-b66d-a700178dcd61</ns1:OrganizationKey></ns13:ContractScope></ns13:Contract></ns2:ExportContract></ns2:ExportObjectConfiguration><ns2:ExportObjectConfiguration><ns1:PolicyKey><ns1:Key>urn:uuid:78d98414-d1c9-11e4-b66d-a700178dcd61</ns1:Key></ns1:PolicyKey><ns2:ExportPolicy><ns11:Policy PolicyName="Insert OAuth 1.0 Token into Downstream Request"><ns11:PolicyKey>urn:uuid:78d98414-d1c9-11e4-b66d-a700178dcd61</ns11:PolicyKey><ns11:OrganizationKey>uddi:7cbc5826-d1c8-11e4-b66d-a700178dcd61</ns11:OrganizationKey><ns11:PolicyType>Operational Policy</ns11:PolicyType><ns11:PolicySubType>policy.xml</ns11:PolicySubType><ns11:Description></ns11:Description><ns11:ReadOnly>false</ns11:ReadOnly><ns11:LocalPolicy>false</ns11:LocalPolicy><ns11:LastUpdatedTime>2015-03-24T04:00:37.537Z</ns11:LastUpdatedTime><ns11:PolicyConfigurationAsString><ns11:Contents>&lt;![CDATA[&lt;?xml version="1.0" encoding="UTF-8"?&gt;
&lt;wsp:Policy visibility="public" xmlns:wsp="http://schemas.xmlsoap.org/ws/2004/09/policy"&gt;
	&lt;tns:OAuth1 xmlns:tns="http://com.soa.pso/policy/"&gt;
		&lt;tns:secret&gt;Oejq8ChqawNpBkzO&lt;/tns:secret&gt;
    	&lt;tns:callbackURL/&gt;
    	&lt;tns:appKey&gt;8i4xusqq&lt;/tns:appKey&gt;
    &lt;/tns:OAuth1&gt;
&lt;/wsp:Policy&gt;]]&gt;</ns11:Contents></ns11:PolicyConfigurationAsString></ns11:Policy></ns2:ExportPolicy></ns2:ExportObjectConfiguration><ns2:ExportObjectConfiguration><ns1:IdentityKey><ns1:Key>Local Domain\XZvCRTXKWsBnNLNclsI2oA==</ns1:Key><ns1:DomainName>Local Domain</ns1:DomainName><ns1:UserName>XZvCRTXKWsBnNLNclsI2oA==</ns1:UserName></ns1:IdentityKey><ns2:ExportUserIdentity><ns14:User DomainName="Local Domain" UserName="XZvCRTXKWsBnNLNclsI2oA=="><ns14:FullName>Service: uddi:bf8bc829-d290-11e4-8003-a8d0c27338fa</ns14:FullName><ns14:IdentityKey>urn:uuid:bf92f41a-d290-11e4-8003-a8d0c27338fa</ns14:IdentityKey><ns14:Password>KOWUXY8hKgdKmy1TcwiRJaciihIgHuvcEI/6ig/REWgsSEjG6QgpELIC4JAbFQm4taB4aLK+VeTKc5iR8cnVcQ==</ns14:Password><ns14:Disabled>false</ns14:Disabled><ns14:ForcePwdResetOnNextLogin>false</ns14:ForcePwdResetOnNextLogin><ns14:Expired>false</ns14:Expired><ns14:ReadOnly>true</ns14:ReadOnly><ns14:PasswordFrmSeed>0</ns14:PasswordFrmSeed><ns14:OrganizationKey>uddi:soa.com:registryorganization</ns14:OrganizationKey><ns14:PasswordSalt>//KLB6j2ihUNw14i6MYhmV+J+UYpJX+MoslUpOPs0lMNSPPChbFZlukgkKx9dEez3bgATKTXN6J3lg4tYVyFqQ==</ns14:PasswordSalt></ns14:User><ns2:PKIGenerated>true</ns2:PKIGenerated></ns2:ExportUserIdentity></ns2:ExportObjectConfiguration><ns2:ExportObjectConfiguration><ns1:IdentityKey><ns1:Key>Local Domain\jjo3SFFiTBanjaIzu5Msbw==</ns1:Key><ns1:DomainName>Local Domain</ns1:DomainName><ns1:UserName>jjo3SFFiTBanjaIzu5Msbw==</ns1:UserName></ns1:IdentityKey><ns2:ExportUserIdentity><ns14:User DomainName="Local Domain" UserName="jjo3SFFiTBanjaIzu5Msbw=="><ns14:FullName>Service: uddi:ca34cdd3-d1c8-11e4-b66d-a700178dcd61</ns14:FullName><ns14:IdentityKey>urn:uuid:ca3765e4-d1c8-11e4-b66d-a700178dcd61</ns14:IdentityKey><ns14:Password>/ydB1dmBTik5yOD96o6I5axxoEQ2jsOgUJlwf10xTbvdw9qiE99r8js/N26ylBoIbBmdkNNNlJOqddD6GUzBGw==</ns14:Password><ns14:Disabled>false</ns14:Disabled><ns14:ForcePwdResetOnNextLogin>false</ns14:ForcePwdResetOnNextLogin><ns14:Expired>false</ns14:Expired><ns14:ReadOnly>true</ns14:ReadOnly><ns14:PasswordFrmSeed>0</ns14:PasswordFrmSeed><ns14:OrganizationKey>uddi:soa.com:registryorganization</ns14:OrganizationKey><ns14:PasswordSalt>ol5AuiWuDiGJtCm3eyvd384marUUlUDOsu6hLe1TK2cmVnpfewqh3jFumOGUpF+KsYAYy7ehF/n6Dr1PHBHj3A==</ns14:PasswordSalt></ns14:User><ns2:PKIGenerated>true</ns2:PKIGenerated></ns2:ExportUserIdentity></ns2:ExportObjectConfiguration></ns2:ExportConfiguration>