
<repository lastmodified='20150324082958.106' name='PSO Custom OAuth 1.0 Token Policy'>
  <resource id='com.soa.pso.policy.oauth1/1.0.0' presentationname='OAuth1 Token Policy Support' symbolicname='com.soa.pso.policy.oauth1' uri='file:com.soa.pso.policy.OAuth1.0.0.jar' version='1.0.0'>
    <description>
      Creates an OAuth 1.0 token and inserts it into the downstream
       request
    </description>
    <size>
      503027
    </size>
    <category id='x-soa-feature'/>
    <capability name='bundle'>
      <p n='manifestversion' v='2'/>
      <p n='presentationname' v='OAuth1 Token Policy Support'/>
      <p n='symbolicname' v='com.soa.pso.policy.oauth1'/>
      <p n='version' t='version' v='1.0.0'/>
    </capability>
    <capability name='package'>
      <p n='package' v='com.soa.pso.oauth1.message'/>
      <p n='version' t='version' v='1.0.0'/>
    </capability>
    <capability name='package'>
      <p n='package' v='com.soa.pso.oauth1.model'/>
      <p n='version' t='version' v='1.0.0'/>
    </capability>
    <capability name='package'>
      <p n='package' v='com.soa.pso.oauth1.policy'/>
      <p n='version' t='version' v='1.0.0'/>
    </capability>
    <require extend='false' filter='(&amp;(package=com.digev.fw.exception)(version&gt;=6.1.0))' multiple='false' name='package' optional='false'>
      Import package com.digev.fw.exception ;version=6.1.0
    </require>
    <require extend='false' filter='(&amp;(package=com.digev.fw.log)(version&gt;=6.1.0))' multiple='false' name='package' optional='false'>
      Import package com.digev.fw.log ;version=6.1.0
    </require>
    <require extend='false' filter='(&amp;(package=com.digev.fw.xml)(version&gt;=7.2.0))' multiple='false' name='package' optional='false'>
      Import package com.digev.fw.xml ;version=7.2.0
    </require>
    <require extend='false' filter='(&amp;(package=com.digev.fw.xml.util)(version&gt;=6.1.0))' multiple='false' name='package' optional='false'>
      Import package com.digev.fw.xml.util ;version=6.1.0
    </require>
    <require extend='false' filter='(&amp;(package=com.digev.fw.xpath)(version&gt;=6.1.0))' multiple='false' name='package' optional='false'>
      Import package com.digev.fw.xpath ;version=6.1.0
    </require>
    <require extend='false' filter='(&amp;(package=com.soa.admin.service.tasks)(version&gt;=6.1.1))' multiple='false' name='package' optional='false'>
      Import package com.soa.admin.service.tasks ;version=6.1.1
    </require>
    <require extend='false' filter='(&amp;(package=com.soa.auth)(version&gt;=6.1.0))' multiple='false' name='package' optional='false'>
      Import package com.soa.auth ;version=6.1.0
    </require>
    <require extend='false' filter='(&amp;(package=com.soa.auth.callback.handler)(version&gt;=6.1.0))' multiple='false' name='package' optional='false'>
      Import package com.soa.auth.callback.handler ;version=6.1.0
    </require>
    <require extend='false' filter='(&amp;(package=com.soa.container.metadata.capability)(version&gt;=6.1.0))' multiple='false' name='package' optional='false'>
      Import package com.soa.container.metadata.capability ;version=6.1.0
    </require>
    <require extend='false' filter='(&amp;(package=com.soa.container.metadata.capability.spring)(version&gt;=6.1.0))' multiple='false' name='package' optional='false'>
      Import package com.soa.container.metadata.capability.spring
       ;version=6.1.0
    </require>
    <require extend='false' filter='(&amp;(package=com.soa.fw.bind)(version&gt;=7.2.0))' multiple='false' name='package' optional='false'>
      Import package com.soa.fw.bind ;version=7.2.0
    </require>
    <require extend='false' filter='(&amp;(package=com.soa.fw.transform)(version&gt;=7.2.0))' multiple='false' name='package' optional='false'>
      Import package com.soa.fw.transform ;version=7.2.0
    </require>
    <require extend='false' filter='(&amp;(package=com.soa.io)(version&gt;=6.1.0))' multiple='false' name='package' optional='false'>
      Import package com.soa.io ;version=6.1.0
    </require>
    <require extend='false' filter='(&amp;(package=com.soa.jbi.component.http.marshal.json)(version&gt;=6.1.2))' multiple='false' name='package' optional='false'>
      Import package com.soa.jbi.component.http.marshal.json ;version=6.1.2
    </require>
    <require extend='false' filter='(&amp;(package=com.soa.jbi.component.http.marshal.urlencode)(version&gt;=6.1.2))' multiple='false' name='package' optional='false'>
      Import package com.soa.jbi.component.http.marshal.urlencode
       ;version=6.1.2
    </require>
    <require extend='false' filter='(&amp;(package=com.soa.jbi.marshaling.soap.impl)(version&gt;=6.1.0))' multiple='false' name='package' optional='false'>
      Import package com.soa.jbi.marshaling.soap.impl ;version=6.1.0
    </require>
    <require extend='false' filter='(&amp;(package=com.soa.jbi.marshaling.wsdl)(version&gt;=6.1.2))' multiple='false' name='package' optional='false'>
      Import package com.soa.jbi.marshaling.wsdl ;version=6.1.2
    </require>
    <require extend='false' filter='(&amp;(package=com.soa.message)(version&gt;=6.1.0))' multiple='false' name='package' optional='false'>
      Import package com.soa.message ;version=6.1.0
    </require>
    <require extend='false' filter='(&amp;(package=com.soa.message.handler)(version&gt;=6.1.0))' multiple='false' name='package' optional='false'>
      Import package com.soa.message.handler ;version=6.1.0
    </require>
    <require extend='false' filter='(&amp;(package=com.soa.message.handler.wsdl)(version&gt;=7.2.0))' multiple='false' name='package' optional='false'>
      Import package com.soa.message.handler.wsdl ;version=7.2.0
    </require>
    <require extend='false' filter='(&amp;(package=com.soa.message.header)(version&gt;=6.1.0))' multiple='false' name='package' optional='false'>
      Import package com.soa.message.header ;version=6.1.0
    </require>
    <require extend='false' filter='(&amp;(package=com.soa.policy)(version&gt;=6.1.0))' multiple='false' name='package' optional='false'>
      Import package com.soa.policy ;version=6.1.0
    </require>
    <require extend='false' filter='(&amp;(package=com.soa.policy.security)(version&gt;=6.1.0))' multiple='false' name='package' optional='false'>
      Import package com.soa.policy.security ;version=6.1.0
    </require>
    <require extend='false' filter='(&amp;(package=com.soa.policy.template)(version&gt;=6.1.0))' multiple='false' name='package' optional='false'>
      Import package com.soa.policy.template ;version=6.1.0
    </require>
    <require extend='false' filter='(&amp;(package=com.soa.policy.wspolicy)(version&gt;=6.1.0))' multiple='false' name='package' optional='false'>
      Import package com.soa.policy.wspolicy ;version=6.1.0
    </require>
    <require extend='false' filter='(&amp;(package=com.soa.policy.wspolicy.handler)(version&gt;=6.1.0))' multiple='false' name='package' optional='false'>
      Import package com.soa.policy.wspolicy.handler ;version=6.1.0
    </require>
    <require extend='false' filter='(&amp;(package=com.soa.policy.wspolicy.handler.ext)(version&gt;=6.1.0))' multiple='false' name='package' optional='false'>
      Import package com.soa.policy.wspolicy.handler.ext ;version=6.1.0
    </require>
    <require extend='false' filter='(&amp;(package=com.soa.policy.wspolicy.util)(version&gt;=6.1.0))' multiple='false' name='package' optional='false'>
      Import package com.soa.policy.wspolicy.util ;version=6.1.0
    </require>
    <require extend='false' filter='(&amp;(package=com.soa.policy.wssp.runtime)(version&gt;=7.2.0))' multiple='false' name='package' optional='false'>
      Import package com.soa.policy.wssp.runtime ;version=7.2.0
    </require>
    <require extend='false' filter='(&amp;(package=com.soa.security)(version&gt;=6.1.0))' multiple='false' name='package' optional='false'>
      Import package com.soa.security ;version=6.1.0
    </require>
    <require extend='false' filter='(&amp;(package=com.soa.security.util)(version&gt;=6.1.0))' multiple='false' name='package' optional='false'>
      Import package com.soa.security.util ;version=6.1.0
    </require>
    <require extend='false' filter='(&amp;(package=com.soa.service.security)(version&gt;=7.2.0))' multiple='false' name='package' optional='false'>
      Import package com.soa.service.security ;version=7.2.0
    </require>
    <require extend='false' filter='(&amp;(package=com.soa.soap.message)(version&gt;=6.1.0))' multiple='false' name='package' optional='false'>
      Import package com.soa.soap.message ;version=6.1.0
    </require>
    <require extend='false' filter='(&amp;(package=com.soa.transport.http)(version&gt;=6.1.0))' multiple='false' name='package' optional='false'>
      Import package com.soa.transport.http ;version=6.1.0
    </require>
    <require extend='false' filter='(&amp;(package=com.soa.uddi)(version&gt;=6.1.1))' multiple='false' name='package' optional='false'>
      Import package com.soa.uddi ;version=6.1.1
    </require>
    <require extend='false' filter='(&amp;(package=com.soa.uddi.v3.model)(version&gt;=6.1.0))' multiple='false' name='package' optional='false'>
      Import package com.soa.uddi.v3.model ;version=6.1.0
    </require>
    <require extend='false' filter='(&amp;(package=com.soa.uddi.v3.wsdl)(version&gt;=6.1.1))' multiple='false' name='package' optional='false'>
      Import package com.soa.uddi.v3.wsdl ;version=6.1.1
    </require>
    <require extend='false' filter='(&amp;(package=com.soa.wsdl)(version&gt;=6.1.0))' multiple='false' name='package' optional='false'>
      Import package com.soa.wsdl ;version=6.1.0
    </require>
    <require extend='false' filter='(&amp;(package=com.soa.xmlparsers)(version&gt;=7.2.0))' multiple='false' name='package' optional='false'>
      Import package com.soa.xmlparsers ;version=7.2.0
    </require>
    <require extend='false' filter='(&amp;(package=javax.crypto)(version&gt;=0.0.0))' multiple='false' name='package' optional='false'>
      Import package javax.crypto
    </require>
    <require extend='false' filter='(&amp;(package=javax.crypto.spec)(version&gt;=0.0.0))' multiple='false' name='package' optional='false'>
      Import package javax.crypto.spec
    </require>
    <require extend='false' filter='(&amp;(package=javax.jbi)(version&gt;=1.1.0))' multiple='false' name='package' optional='false'>
      Import package javax.jbi ;version=1.1.0
    </require>
    <require extend='false' filter='(&amp;(package=javax.security.auth)(version&gt;=0.0.0))' multiple='false' name='package' optional='false'>
      Import package javax.security.auth
    </require>
    <require extend='false' filter='(&amp;(package=javax.wsdl)(version&gt;=1.6.2))' multiple='false' name='package' optional='false'>
      Import package javax.wsdl ;version=1.6.2
    </require>
    <require extend='false' filter='(&amp;(package=javax.wsdl.extensions)(version&gt;=1.6.2))' multiple='false' name='package' optional='false'>
      Import package javax.wsdl.extensions ;version=1.6.2
    </require>
    <require extend='false' filter='(&amp;(package=javax.xml.bind)(version&gt;=0.0.0))' multiple='false' name='package' optional='false'>
      Import package javax.xml.bind
    </require>
    <require extend='false' filter='(&amp;(package=javax.xml.bind.annotation)(version&gt;=0.0.0))' multiple='false' name='package' optional='false'>
      Import package javax.xml.bind.annotation
    </require>
    <require extend='false' filter='(&amp;(package=javax.xml.bind.annotation.adapters)(version&gt;=0.0.0))' multiple='false' name='package' optional='false'>
      Import package javax.xml.bind.annotation.adapters
    </require>
    <require extend='false' filter='(&amp;(package=javax.xml.datatype)(version&gt;=0.0.0))' multiple='false' name='package' optional='false'>
      Import package javax.xml.datatype
    </require>
    <require extend='false' filter='(&amp;(package=javax.xml.namespace)(version&gt;=0.0.0))' multiple='false' name='package' optional='false'>
      Import package javax.xml.namespace
    </require>
    <require extend='false' filter='(&amp;(package=javax.xml.parsers)(version&gt;=0.0.0))' multiple='false' name='package' optional='false'>
      Import package javax.xml.parsers
    </require>
    <require extend='false' filter='(&amp;(package=javax.xml.stream)(version&gt;=0.0.0))' multiple='false' name='package' optional='false'>
      Import package javax.xml.stream
    </require>
    <require extend='false' filter='(&amp;(package=javax.xml.transform)(version&gt;=0.0.0))' multiple='false' name='package' optional='false'>
      Import package javax.xml.transform
    </require>
    <require extend='false' filter='(&amp;(package=javax.xml.transform.dom)(version&gt;=0.0.0))' multiple='false' name='package' optional='false'>
      Import package javax.xml.transform.dom
    </require>
    <require extend='false' filter='(&amp;(package=javax.xml.transform.sax)(version&gt;=0.0.0))' multiple='false' name='package' optional='false'>
      Import package javax.xml.transform.sax
    </require>
    <require extend='false' filter='(&amp;(package=javax.xml.transform.stream)(version&gt;=0.0.0))' multiple='false' name='package' optional='false'>
      Import package javax.xml.transform.stream
    </require>
    <require extend='false' filter='(&amp;(package=javax.xml.xpath)(version&gt;=0.0.0))' multiple='false' name='package' optional='false'>
      Import package javax.xml.xpath
    </require>
    <require extend='false' filter='(&amp;(package=org.apache.ws.security)(version&gt;=1.5.4.2))' multiple='false' name='package' optional='false'>
      Import package org.apache.ws.security ;version=1.5.4.2
    </require>
    <require extend='false' filter='(&amp;(package=org.apache.ws.security.message)(version&gt;=1.5.4.2))' multiple='false' name='package' optional='false'>
      Import package org.apache.ws.security.message ;version=1.5.4.2
    </require>
    <require extend='false' filter='(&amp;(package=org.apache.ws.security.util)(version&gt;=1.5.4.2))' multiple='false' name='package' optional='false'>
      Import package org.apache.ws.security.util ;version=1.5.4.2
    </require>
    <require extend='false' filter='(&amp;(package=org.apache.xerces.dom)(version&gt;=0.0.0))' multiple='false' name='package' optional='false'>
      Import package org.apache.xerces.dom
    </require>
    <require extend='false' filter='(&amp;(package=org.w3c.dom)(version&gt;=0.0.0))' multiple='false' name='package' optional='false'>
      Import package org.w3c.dom
    </require>
    <require extend='false' filter='(&amp;(package=org.w3c.dom.bootstrap)(version&gt;=0.0.0))' multiple='false' name='package' optional='false'>
      Import package org.w3c.dom.bootstrap
    </require>
    <require extend='false' filter='(&amp;(package=org.w3c.dom.events)(version&gt;=0.0.0))' multiple='false' name='package' optional='false'>
      Import package org.w3c.dom.events
    </require>
    <require extend='false' filter='(&amp;(package=org.w3c.dom.ls)(version&gt;=0.0.0))' multiple='false' name='package' optional='false'>
      Import package org.w3c.dom.ls
    </require>
    <require extend='false' filter='(&amp;(package=org.w3c.dom.ranges)(version&gt;=0.0.0))' multiple='false' name='package' optional='false'>
      Import package org.w3c.dom.ranges
    </require>
    <require extend='false' filter='(&amp;(package=org.w3c.dom.traversal)(version&gt;=0.0.0))' multiple='false' name='package' optional='false'>
      Import package org.w3c.dom.traversal
    </require>
    <require extend='false' filter='(&amp;(package=org.xml.sax)(version&gt;=0.0.0))' multiple='false' name='package' optional='false'>
      Import package org.xml.sax
    </require>
    <require extend='false' filter='(&amp;(package=org.xml.sax.ext)(version&gt;=0.0.0))' multiple='false' name='package' optional='false'>
      Import package org.xml.sax.ext
    </require>
    <require extend='false' filter='(&amp;(package=org.xml.sax.helpers)(version&gt;=0.0.0))' multiple='false' name='package' optional='false'>
      Import package org.xml.sax.helpers
    </require>
  </resource>
</repository>