<?xml version="1.0" encoding="UTF-8"?>
<process name="GET__helloworld" ns2:processKey="bpel:3c0c3a6a-d292-11e4-8003-a8d0c27338fa" targetNamespace="http://win7-64-vm:9905/contextio_hook" xmlns="http://schemas.xmlsoap.org/ws/2003/03/business-process/" xmlns:ns10="http://soa.com/capabilities/service/virtualization/bpel/activity" xmlns:ns2="http://soa.com/bpel/ext" xmlns:ns3="http://soa.com/capabilities/service/virtualization/bpel" xmlns:ns4="http://schemas.xmlsoap.org/ws/2006/02/addressingidentity" xmlns:ns5="http://www.w3.org/2000/09/xmldsig#" xmlns:ns6="http://docs.oasis-open.org/wss/2004/01/oasis-200401-wss-wssecurity-secext-1.0.xsd" xmlns:ns7="http://docs.oasis-open.org/wss/2004/01/oasis-200401-wss-wssecurity-utility-1.0.xsd" xmlns:ns8="http://schemas.xmlsoap.org/ws/2004/09/mex" xmlns:ns9="http://schemas.xmlsoap.org/ws/2003/05/partner-link/"><ns9:partnerLinkType name="Context.io_Lite_API_Helloworld_PortTypeProvider"><ns9:role name="Provider"><ns9:portType name="ns11:Context.io_Lite_API_Helloworld_PortType" xmlns:ns11="http://win7-64-vm:9905/contextio_hook"/></ns9:role></ns9:partnerLinkType><ns9:partnerLinkType name="context.io_API_Hook_PortTypeConsumer"><ns9:role name="Consumer"><ns9:portType name="ns11:context.io_API_Hook_PortType" xmlns:ns11="https://api.context.io/lite"/></ns9:role></ns9:partnerLinkType><partnerLinks><partnerLink myRole="Provider" name="initial" partnerLinkType="ns11:Context.io_Lite_API_Helloworld_PortTypeProvider" xmlns:ns11="http://win7-64-vm:9905/contextio_hook"/><partnerLink myRole="Consumer" name="context.io_API_Hook_PortTypePartnerLink" partnerLinkType="ns11:context.io_API_Hook_PortTypeConsumer" xmlns:ns11="http://win7-64-vm:9905/contextio_hook"/></partnerLinks><variables><variable messageType="ns11:ActivityMessage" name="message" xmlns:ns11="http://soa.com/process/activity"/><variable messageType="ns11:ActivityMessage" name="fault" xmlns:ns11="http://soa.com/process/activity"/></variables><faultHandlers><catchAll><sequence><reply faultName="ns2:ExistingFault" name="FaultReply" operation="GET__helloworld" partnerLink="initial" portType="ns11:Context.io_Lite_API_Helloworld_PortType" variable="fault" xmlns:ns11="http://win7-64-vm:9905/contextio_hook"/></sequence></catchAll></faultHandlers><sequence><receive createInstance="yes" name="Receive" operation="GET__helloworld" partnerLink="initial" portType="ns11:Context.io_Lite_API_Helloworld_PortType" variable="message" xmlns:ns11="http://win7-64-vm:9905/contextio_hook"/><invoke inputVariable="message" name="Invoke1" operation="GET__users" outputVariable="message" partnerLink="context.io_API_Hook_PortTypePartnerLink" portType="ns11:context.io_API_Hook_PortType" xmlns:ns11="https://api.context.io/lite"><ns2:InvocationExt service="ns11:context.io_API_Hook"><ns2:Audit/></ns2:InvocationExt></invoke><reply name="Reply" operation="GET__helloworld" partnerLink="initial" portType="ns11:Context.io_Lite_API_Helloworld_PortType" variable="message" xmlns:ns11="http://win7-64-vm:9905/contextio_hook"/></sequence></process>