<?xml version="1.0" encoding="UTF-8"?>
<ns5:VirtualServiceConfiguration LastUpdated="1427248665834" ServiceName="ns13:Context.io_Lite_API_Helloworld" xmlns="http://schemas.xmlsoap.org/ws/2006/02/addressingidentity" xmlns:ns10="http://schemas.xmlsoap.org/ws/2003/03/business-process/" xmlns:ns11="http://soa.com/bpel/ext" xmlns:ns12="http://schemas.xmlsoap.org/ws/2003/05/partner-link/" xmlns:ns13="http://win7-64-vm:9905/contextio_hook" xmlns:ns2="http://www.w3.org/2000/09/xmldsig#" xmlns:ns3="http://docs.oasis-open.org/wss/2004/01/oasis-200401-wss-wssecurity-secext-1.0.xsd" xmlns:ns4="http://docs.oasis-open.org/wss/2004/01/oasis-200401-wss-wssecurity-utility-1.0.xsd" xmlns:ns5="http://soa.com/capabilities/service/virtualization/bpel" xmlns:ns6="http://schemas.xmlsoap.org/ws/2004/09/mex" xmlns:ns7="http://soa.com/capabilities/service/virtualization/bpel/activity" xmlns:ns8="http://www.w3.org/2001/04/xmlenc#" xmlns:ns9="http://federatedgovernance.org/mc/configuration/x509"><ns5:OutboundIdentityConfig><ns5:UseInboundIdentities xmlns:xs="http://www.w3.org/2001/XMLSchema" xmlns:xsi="http://www.w3.org/2001/XMLSchema-instance" xsi:type="xs:boolean">true</ns5:UseInboundIdentities><ns5:UseServiceIdentityForHTTPS>false</ns5:UseServiceIdentityForHTTPS></ns5:OutboundIdentityConfig><ns5:OperationImplementation InterfaceName="ns13:Context.io_Lite_API_Helloworld_PortType" LastUpdated="1427248665834" OperationName="GET__helloworld"><ns5:Process/><ns5:BindingHeaderInstructions/><ns5:TransportHeaderInstructions/></ns5:OperationImplementation></ns5:VirtualServiceConfiguration>